제목,본문,카테고리,콘텐츠타입,
[공지] 하버드 건축대학원 GSD 6개월만에 합격한 후기,"​안녕하세요,

하버드 건축대학원 GSD 전문 마인드스페이스 압구정 건축유학원 입니다.
매년 아이비리그 건축대학원 합격 결과를 내면서 많은 상담자들이 저희 유학원에서 어떻게 수업하여 좋은 결과들이 계속해서 나왔는지 궁금해하셨습니다.

오늘은 저희 원과 함께 미국건축유학 & 건축포트폴트오를 6개월 동안 준비하며 3곳의 아이비리그 건축대학원과 토론토 건축대학원을 합격한 학생의 하버드 건축대학원 GSD 합격후기를 소개합니다.

Q: 하버드 건축대학원 GSD 합격을 축하합니다! 마이드스페이스 건축유학원과 지원하여 붙은 미국건축대학원 리스트와 입학을 결정한 학교 소개 부탁드려요.

안녕하세요! 저는 캐나다 대학교에서 건축학부를 졸업하고 2024년 하버드 건축대학원 GSD MArch 1 프로그램에 합격하게 된 학생입니다. 하버드대학교 외에 지원한 미국건축대학원은 컬럼비아 건축대학원 (GSAPP), 프린스턴 건축대학원이었고, 캐나다건축대학원은 토론토 건축대학원만 지원했으며 이번 연도에 지원한 모든 학교에서 합격통지서를 받았습니다. 

최종 학교는 더 넓은 풀을 경험하고 싶어 하버드 건축대학원 MArch 1으로 선택하였습니다. 처음 건축 유학을 준비하면서 드림스쿨인 하버드 대학원에 합격할 수 있을지 불안한 적이 많았었는데, 혼자 전체적으로 모든 것을 끌어가기보다 마인드스페이스 건축유학원과 함께 대학원입시컨설팅을 진행하기로 결정하였고 유학원의 하버드, 컬럼비아 건축 선생님들의 도움을 많이 받아 항상 감사하게 생각하고 있습니다.

Q: 마인드스페이스 미국건축유학원을 등록하게 된 이유는 무엇이었나요?

처음부터 미국건축대학원, 특히 하버드 건축대학원에 가고 싶었던 이유나 목적은 분명했었습니다. 그러나 건축포트폴리오의 비주얼적인 도움이 크게 필요한 상태였고, 궁극적으로 전달하고 싶은 에세이나 포트폴리오 주제가 다듬어지지 않은 상태여서 이 모든 것을 하나로 묶어줄 수 있는 곳을 찾는 것이 가장 중요했습니다. ​

그런 와중에 지인에게 추천을 받아 마인드스페이스 건축유학원에 전문적으로 상담하게 되었고, 계신 모든 분들의 전문성과 체계적이지만 자유롭게 의견을 필할 수 있는 환경에 신뢰가가 건축유학원을 등록하게 되었습니다.

마인드스페이스 건축유학원은 학생의 입시 전체를 관리하는 원장선생님과 아이비리그 건축유학 전문 컨설턴트 선생님, 그리고 하버드, 컬럼비아 건축대학원 출신 건축 전문 포트폴리오 선생님들이 파트별로 역할을 나눠 수업을 진행하십니다. 모든 수업이 데드라인까지 1 대 1로 케어를 받으며 진행되고, 각 파트별 선생님들과 굉장히 체계적인 수업이 진행되어 만족스럽게 수업을 받았었습니다.

Q: 미국건축유학 입시를 준비할 때 가장 신경 쓴 점들이 무엇이 있었나요?

​

미국건축대학원을 준비할 때 가장 신경 쓴 점은 하나의 주제였습니다. 대학원유학에 있어 자신의 여러 장점을 어필하는 것보다 하나의 테마를 주제 삼아 학업에 대한 목표나 이유들을 자연스럽게 펼쳐나가는 게 중요하다고 생각합니다. 

​

똑같이, 마인드스페이스의 선생님들도 이 점을 중요하게 생각하고 계셨고, 자연스럽게 하나의 주제에서 다소 가볍게 시작할 수 있었습니다. 그 후에 마인드스페이스 건축 선생님들과 그 주제로 여러 방면을 하나하나 공유하고 소통하며 발전시켰습니다.

​

하버드 GSD, 컬럼비아 GSAPP 출신 건축 포트폴리오 선생님들뿐 아니라, 미국건축유학 에세이 전문 컨설턴트 선생님과도 주제에 대해 계속 이야기 해나갔고 유학원 수업을 통해서 어떤 건축가가 되고 싶은지 명확해졌습니다. 

​

여러 전문 선생님들의 의견과 역대 합격 학생들의 다양한 사례들로 방향성을 제시해 주셨던 것이 저만의 차별적인 주제를 잡는 것에 큰 도움이 되었습니다.

​Q: 많은 건축유학을 꿈꾸는 학생들이 바라는 드림스쿨인 하버드 건축대학원 입학을 축하합니다! GSD에 합격하는 데 가장 크게 작용한 요소가 무엇인가요?

현재 대학을 합격하는데 가장 크게 작용한 요소는 섬세한 전달력이었다고 생각합니다. 저처럼 많은 학생들이 건축포트폴리오의 중요성을 인지하고 있으나, 건축포트폴리오 외의 다른 부분들에 대해서는 어떻게 방향성을 잡아야 하는지, 무엇이 얼마나 중요한지 잘 모르는 것 같습니다.

건축포트폴리오에서 전달하고 있는 아이디어와 자신의 장점이 일관성 있게 전달되도록 원서의 여러 부분에 잘 녹여내야 하고 특히 하버드 건축대학원에서는 에세이와의 연결성이 크게 중요하다 생각합니다. 

이 부분을 마인드스페이스 건축유학원 선생님들께서 많이 강조해 주셨고 하버드대학교뿐 아니라 미국, 캐나다 건축대학원 지원 6개월 전부터 학교별 포트폴리오와 에세이를 번갈아가며 준비하며 에세이에 작성한 주요 내용들이 건축포트폴리오에 스며들 수 있도록 항상 신경썼습니다.

​Q: 마인드스페이스 건축유학원의 건축포트폴리오 수업은 대학원 합격에 어떤 도움이 되었나요?

마인드스페이스 건축유학원엔 굉장히 능력 있는 선생님들이 계십니다. 다른 곳과의 가장 큰 차별점이라 생각하는데, 이분들은 학원에 가까운 분들이 아니라 현 학교나 필드에서 직접 분위기나 환경을 경험하고 계신 분들입니다. 이런 전문성 있는 분들과 1 대 1로 소통하며 건축대학원 뿐 아니라 졸업 이후의 삶, 건축과 삶에 대한 방향성에 대해서도 건설적인 피드백을 제게 딱 맞춰 받을 수 있었고 정말 큰 도움이 되었습니다.

특히 포트폴리오가 어떻게 이루어져야 가장 강력하고 어필이 될 수 있는지 경험적으로 아시는 분들이었습니다. 포트폴리오는 매주 두 번씩 필요 시엔 추가로 피드백을 선생님께 디테일하게 받을 수 있었습니다. 진심으로 열정을 가지고 가르쳐 주셔서 감사했습니다. 

각 건축대학원에서 지향하는 포트폴리오의 색깔들을 함께 리서치하고, 각 학교에서 제가 어필해야 하는 부분이 무엇인지 늘 생각해 주셔서 합격할 수 있었습니다.

​Q: 마인드스페이스 건축유학원의 대학원입시컨설팅은 어떤 도움이 되었나요?

마인드스페이스의 전문 컨설팅의 선생님들께서 미국 건축 학과의 분위기를 잘 아시는 것이 많은 도움이 되었습니다. 주제의 통일성과 일관성을 유지하면서도 각 학교에 맞게 어떻게 어필할지 함께 고민하고 발전해 나갔습니다. 

구체적으로 전체적인 입시계획을 체계적으로 정리해 주셨고, 하나의 틀을 단단하게 구상해 주셔서, 포트폴리오나 다른 것들에 집중하고 있을 때에도 계획했던 내용을 바탕으로 다시 집중된 하나의 방향으로 나아갈 수 있도록 늘 잡아 주셨습니다.

​Q: 건축유학 입시를 진행하면서 가장 힘들었던 점은 무엇이었고, 원과 함께 어떻게 극복해 나갔나요?

해외 유학 입시는 외로운 싸움인 것 같습니다. 유학을 준비하는 학생마다 준비하는 기간은 다 다르겠지만 탑스쿨 일수록 준비해야 될 것들이 많고 학교별로 제출해야 하는 요구사항들이 다 다르기 때문에 준비 과정 중 지치거나 힘들 때가 더러 있었습니다.

입시 기간 동안 이것저것 불확실한 것들이 항상 마음 안에 자리 잡고 있었는데 선생님들과 함께 소통하며 모르는 부분들을 정확하게 채워나갔습니다. 특히 어떻게 해야 합격할 수 있는지에 대해 파트별로 담당해 주시는 여러 선생님의 명확한 가이드 덕분에 다시금 목표에 집중하여 합격할 수 있었던 것 같습니다. 지원한 모든 건축대학교에서 합격을 받아 정말 기뻤습니다. 

​Q: 미국 건축대학원, 캐나다 건축대학원 유학을 준비하는 학생들에게 마인드스페이스 건축유학원을 특별히 추천하는 포인트가 있나요?

이 유학원에는 학생의 목표와 열정이 있으면 무엇보다 진심으로 도와주실 분들이 계십니다. 높은 전문성과 체계성으로 항상 옆에서 소통할 수 있는 분들이 계셔서 항상 믿고 따라갔습니다. 정말 중요한 포인트는 입시를 떠나, 대학교나 대학원에 가서도 평생 남을 수 있는 공부법을 터득하게 되었습니다. 전공 선생님들께서 알려주신 여러 가지 툴들이나 디자인 스킬들은 어디에서나 배워보지 못하는 좋은 기회들 이였습니다. 

처음 마인드스페이스 유학원 상담 때 원장님이 말씀하셨던 것도 단순히 포트폴리오 제작, 하버드 건축대학원 합격이라는 단기적인 목표가 아니라 대학원 이후의 삶, 건축가로서의 나는 어떤 사고관을 가질 것인지에 대해 고민하는 것이 가장 중요하다 말씀하셨고 이러한 중요한 질문들을 오히려 건축대학원 유학 준비를 하면서 나에 대해 탄탄하게 고민할 수 있는 좋은 한 해였습니다.

다시 한번 마인드스페이스 건축유학원의 전문 선생님들께 감사드리며, 건축유학 특히 하버드 건축대학원 (GSD) , 컬럼비아 건축대학원 (GSAPP), 프린스턴 건축대학원, 토론토 건축대학원 등 미국 캐나다 탑 건축학과 유학을 정말로 희망하시는 학생들이라면 고민 없이 등록하시는 걸 추천드립니다. 저 또한 유학에 있어 여러 부분을 고민하고 등록했지만, 과정 속에 많은 것을 배웠고 정말 합격하기 어려운 학교들을 저도 붙었기 때문에 여러분도 이뤄 낼 수 있을 거라 생각합니다.",건축,qna,general
예일대학교 미술 대학원 수업 싹 다 보여줌,"어려운 유학을 쉽게, 마인드스페이스 압구정유학원미국미술석사 수업 공개

​

최고의 아이비리그 대학,  예일대학교 순수미술 석사과정 수업을 그대로


예일 대학교 미술대학인 Yale School of Art (SoA) 는 미술 분야 석사 과정(MFA)을 운영하며, 아이비리그 학교인 만큼 다양한 학과와 프로그램에 의해 교과과정의 폭과 깊이는 그야말로 상상을 뛰어넘습니다. 

​

다양한 배경의 학생들과의 교류와 세계적으로 유명한 학자들이 과목을 가르침으로써, 사고의 체계를 넓혀가게 하는 것이 예일이 가지고 있는 가장 큰 장점이라고 볼 수 있습니다. 

​

Yale School of Art는 매년 전공별로 약 10명의 학생만 선발해 입학이 매우 어려운 학교입니다. 올해 입학한학생 수는 총 56명이며, 그 중 한국인은 5명입니다. Painting&Printmaking 학과는 점차 학생 수를 줄여가는 중이라고 합니다.

​

하지만 Diversity, Equity, and Inclusion (DEI)를 강점으로 어필하고 있는 프로그램으로서 자신만의 독창성과 경험을 강조하여 입학한 학생들이 많기 때문에 이 부분을 에세이와 포트폴리오에 잘 녹여 낸다면, 좋은 결과를 기대해볼 수 있습니다.

​

저희 압구정 미술유학원에서는 예일대 페인팅 대학원 재학 튜터가 직접 강의를 진행하여, 예일대 페인팅 대학원 진학을 목표로 하는 학생들의 포트폴리오와 지원 에세이를 면밀히 검토하고 있습니다.

​

다음은 저희 원에서 예일대 페인팅 대학원을 준비하는 학생들의 수업 과정입니다.

​


RISD 리즈디 미술 전공 후 예일대 페인팅 대학원 준비

2024.09.29 | 아이비리그 및 미국 파인아트 대학원 입학을 위한 미술 포트폴리오 수업!

​


이번 학생은 미국 로드아일랜드 Rhode Island School of Design 에서 학부를 졸업했으며, 그만큼 실기력도 뛰어나 예일 대학원을 목표로 포트폴리오를 준비하고 있습니다. 

​

학부에서 만든 작업물을 토대로 포트폴리오에 재밌는 내용들이 많이 담겨져 있습니다. 예일대 석사 포트폴리오 같은 경우에는 지원자를 학생이 아닌 작가라 생각하기 때문에, 원서 데드라인까지 남은 기간동안엔 현재 가지고 있는 토픽 중 하나만 파고들것을 추천했습니다. 

​

다양한 내용을 한번에 다루려 하다보면 나중에 인터뷰때 설명하기에도 어려움이 있기때문에 포트폴리오에 확실한 방향성을 갖고 확장시켜 나가는게 중요합니다.

​

따라서 다음 수업에는 포트폴리오의 방향성을 명확하게 하고, 학생이 현재 작업중인 영상물을 다른 학생들과 함께 보고 이야기 나누었습니다.

​

WJ, 일본 와세다대학교 경제학과를 재학 중 예일대 페인팅 대학원 준비

2024.09.29 | 미술 비전공자도 아이비리그 미술대학원 입학이 가능하다!

​

Previous imageNext image
미국미술 유학 포트폴리오 수업

WJ은 Economics 배경을 토대로 다양한 사회 현상들에 대해 이야기를 나눌 수 있는 포트폴리오를 준비 중에 있습니다. 

​

다소 무겁게 느껴질수있는 사회 현상들을 비판하기보다 관객과의 소통을 통해 유머러스하게 접근해 새롭다 느껴집니다. 개인만의 독창성을 강조하는 포트폴리오로 현재 진행중인 작업물들도 어떻게 하면 관객 참여를 더 유도할수 있을지를 구상하도록 지도했습니다. 

​

이처럼 예일대 페인팅 대학원 진학을 희망하는 학생이라면 마인드스페이스 압구정유학미술학원의 미국 대학 입시 컨설팅을 통해 도전을 시작해보세요!

예일대학교 미술유학 이렇게 준비해 보세요.

​

[1] 전공과 진로에 대한 전문 상담을 받아보세요.

[2] 목표 대학에 쉽게 합격할 수 있도록 정확한 로드맵을 짜보세요.

​

아이비리그 미술대학, 미영국 미술유학 입시컨설팅 전문 마인드스페이스 압구정 유학미술학원에 지금 전화해 보세요. 순간의 선택이 합격의 결과를 만듭니다.

​

",아이비리그,professional,"상위 키워드
건축
아이비리그
아트스쿨
디자인
유학 및 컨설팅
파인아트
패션"
"
건축유학 건축포트폴리오 합격을 좌우하는 건축디자인 컨셉","안녕하세요, 마인드스페이스 건축유학포트폴리오 컬럼비아건축 튜터K 입니다. 오늘은 건축 프로젝트를 진행할때 가장 중요한 '건축디자인 컨셉'에 대해서 이야기해 보려고 합니다. 

​

미국건축유학, 영국건축유학을 생각하고 계시는 학생이라면 1. 자신의 건축포트폴리오를 관통하는 하나의 컨셉은 무엇인지 2. 각 프로젝트별로 디자인 컨셉들이 잘 드러나고 있는지 체크해보며 다음 글을 읽어 보시길 바랍니다.

​

​

​

​

포트폴리오 수준을 좌우하는 

'전반적인 컨셉'


​

포트폴리오에서 전반적인 컨셉을 설정하는건 매우 중요합니다. 전체적인 건축포트폴리오 컨셉과 키워드를 잡아두면 여러 상이한 프로젝트를 보여주더라도 평가진에게 통일되게 학생이 전달하고자 하는 메세지에 집중할 수 있도록 도와주기 때문이죠.

​

그러므로 잘 설정된 전체 디자인 컨셉을 정하기까지는 오랜 시간이 소요됩니다. 더욱이 차별화된 나만의 키워드를 뽑아내는건 단순 건축석사유학 포트폴리오 제작을 위하는 것에 그치는 것이 아닙니다. 이는 나의 5년, 10년 동안의 건축적 가치관에 대해 생각해보는 아주 중요한 물음이 되기도 합니다.

​

또한 학교별로 요구하는 건축 에세이 라이팅에서도 자신의 건축관에 대해 서술하여야 하기 때문에 건축포트폴리오 뿐만 아니라 입시 전반에 걸쳐 필요한 중요한 부분입니다.

​

​

​

'건축디자인 컨셉'이 무엇인가요?

건축 디자인 컨셉에

대해 자세히 알고 싶어요


​

건축디자인 컨셉이란 건축물의 디자인을 결정하는 핵심 아이디어나 주제를 의미합니다. 디자인 단계의 초기에 정립되는 개념으로 프로젝트의 위치에 따른 주변 맥락, 사용자, 프로그램, 건축가의 디자인 사상 등을 바탕으로 도출 될 수 있습니다.

​

디자인 컨셉은 건축물의 형태 /공간간의 관계/ 건축재료/디테일 등 모든것을 관통하는 하나의 개념이며 이를 바탕으로 건축디자인이 시작됩니다. 디자인 컨셉은 건축물의 디자인에 일관성과 차별성을 부여하고 건축물의 성격과 브랜드 이미지를 형성하며 건축물의 가치를 높이는 중요한 요소입니다.

​

예를들어 '자연과 소통하는 공간'이 디자인 컨셉이라면 자연물에서 영감을 얻은 건물형태, 외벽의 큰 오프닝을 통해 시각적으로 외부와 소통할 수 있는 내부 공간, 에너지를 절약할 수 있는 친환경 건축, 주변에서 쉽게 찾을 수 있는 재료를 이용한 디자인, 기존에 존재하던 생태계를 보존하면서 그것과 공존할 수 있는 디자인 등 - 재료, 형태, 기능, 분위기 등 모든 것이 디자인 컨셉을 따라 발전하게 됩니다. 이는 건축의 모든 요소들에 개연성과 통일성을 부여하게 됩니다.

​

디자인컨셉은 개개인의 작업마다 다르게 적용되므로 오늘 소개드린 개념적 이해를 바탕으로 여러 사례를 살펴보며 정확한 이해를 하는 것이 좋습니다. 다음 글에서 마인드스페이스 건축유학원 학생의 수업 예시를 통해 구체적인 건축디자인 컨셉의 적용 방법에 대해 이야기해 보도록 하겠습니다.

​

오늘의 압구정 건축유학원 글 정리

[1] 건축 포트폴리오 수준을 좌우하는 차별적인 포트폴리오 컨셉을 잡기가 어렵고

[2] 기존에 작업했던 프로젝트들을 전체적인 컨셉에 맞게 재구성하는 것이 고민이라면

​

2024년 하버드건축대학원, 컬럼비아건축대학원, 프린스턴건축대학원 합격 등 매년 아이비리그 건축대학원 합격생을 배출하고 있는 마인드스페이스 압구정 건축유학 포트폴리오에 상담 신청해 보세요.

​

🥇마인드스페이스 건축유학 5가지 전문성

[1] ▶︎ 하버드, 컬럼비아 건축 대학원 출신 아이비리그 튜터들의 직강

[2] ▶︎ 미국 영국 현지 건축유학 및 해외 취업에 관한 가장 최신 정보 전달 

[3] ▶︎ 아이비리그 & 탑아트스쿨 역대 합격 노하우를 응축한 독자적 시스템 

[4] ▶︎ 역대 장학금과 합격률 

[5] ▶︎ 장소에 제한되지 않는 온라인 수업 진행",건축,professional,
"바로 써먹는 건축 다이어그램, 대학원 포트폴리오에 적용시키기","오늘 압구정 건축유학포트폴리오 글 요약

​

[1] 컨셉을 정확히 이해하기 힘든 건축 프로젝트의 문제점

[2] 한국 건축유학 준비생들이 가장 어려워하는 [건축 다이어그램]

안녕하세요, 마인드스페이스 건축유학포트폴리오 컬럼비아건축튜터 K입니다.

​

지난 글에서 건축디자인 프로젝트의 컨셉의 중요성에 대해 이야기해 보았습니다. 이번 글에서는 실제 사례를 바탕으로 건축디자인 컨셉을 어떻게 적용해 나가는지와 건축유학을 생각하는 한국 학생들이 포트폴리오 작업에 가장 어려워하는 [건축 다이어그램]에 대하여 이야기 해보도록 하겠습니다.

​

​

​

컨셉 없는 건축 프로젝트의 문제점

​


마인드스페이스 건축유학포트폴리오 _  건축 비전공자 학생 이전 작업

​

위는 건축비전공자 학생이 가지고 온 포트폴리오 작업입니다.이 작업의 컨셉은 [한옥을 모티브로한 디자인] 입니다. 이 컨셉은 단순히 학생이 '그렇게 해 보고 싶어서' 만들어진 컨셉입니다. 

​

물론 이 방법이 잘못되었다고 할 수 없지만 다음 3가지 문제점이 드러남에 유의해야합니다.

[1] 컨셉의 정당성의 부재 : 왜 그러한 컨셉이 나왔는가?

[2] 디자인적 사고의 부재

[3] 문제해결 방법론의 부재

​

수정된 프로젝트는 기존 한옥 모티브는 가져가되 프로젝트 사이트와 주변 맥락에 대한 조사와 분석, 학생의 디자인적 취향을 종합하여 ""왜"" 이러한 디자인 컨셉이 도출되었는지에 대한 설득력을 추가하는 수업을 진행하였습니다.

​

처음으로 돌아가 사이트 선정과 조사를 새롭게 시작하였고 이와 동시에 학생머릿속에 있는 디자인적 아이디어나 생각을 간단한 스케치로 표현하여 시각화하는것을 연습하였습니다. 

​

​

한국 학생들이 가장 어려워하는 [건축 다이어그램]

 

마인드스페이스 건축유학포트폴리오 _  건축 비전공자 학생 다이어그램

​

한국에서 미국건축유학, 영국건축유학을 준비하는 학생들의 포트폴리오를 지도할 때 특히 건축적 다이어그램을 만드는 것에 낯섦과 어려움이 있다는 것을 알게 되었습니다.

​

이는 아마도 기존 교육에서 자신의 생각을 과정화하고 단계적으로 정리하는 수업이 많이 생략되었기 때문일 것입니다. 다이어그램은 독자와의 효과적인 소통과 설득을 위한 방법이므로 시간을 두고 충분히 배워나가야 합니다.

​

미국건축포트폴리오, 영국건축포트폴리오에서 다이어그램의 중요성을 이해하는 것은 '건축의 모든 과정은 설득이다'라는 개념을 이해한다면 쉬워질 것입니다. 건축 프로젝트에는 다수의 이해관계자들이 참여하는 복합적인 활동입니다. 바로 이때 다이어그램이 건축가의 생각을 직관적이고 명료하게 전달할 수 있는 핵심적인 도구로 사용됩니다.

​

건축 포트폴리오에서 자신의 아이디어를 시각화하는것은 매우 중요합니다. 단순히 건축디자인적인 결과물을 보여주는 것이 아니라 자신의 사고 과정을 명료하게 이미지로 전달 할 수 있어야 합니다. 

​

더불어 생각을 전달하는데 그치지 않고 그것을 표현하는 방법에 있어서 얼마나 창의적으로 또 미적으로 시각화 할 수 있는가도 학생의 기량을 보여주는 주요 포인트가 될 수있습니다. 정리하자면 건축 다이어그램에서

​

[1] 건축가의 사고 과정과 논리가 이해하기 쉬워야하며

[2] 디자인적 미학이 담겨있으면서도 명료하게 그려야한다

​

특히 건축 비전공자 학생들의 경우 이 부분을 생소해 합니다. 머릿속의 생각을 이미지로 시각화하는 연습이 합격 포트폴리오 제작에 매우 도움이 될 것입니다.

​

저희 마인드스페이스 건축유학포트폴리오에서는 학생들의 작업능력과 각 프로젝트의 수준에 맞추어 가장 부족한 부분을 끌어주는 맞춤 지도 수업을 하고 있습니다. 

오늘 압구정 건축유학원 글 정리

​

[1] 프로젝트 컨셉을 정하는데 어려움을 겪거나

[2] 건축 다이어그램을 어떻게 해야하는지 감이 잡히지 않는 학생이라면

​

2024년 하버드건축대학원, 컬럼비아건축대학원, 프린스턴건축대학원 합격 등 매년 아이비리그 건축대학원 합격생을 배출하고 있는 마인드스페이스 압구정 건축유학포트폴리오에 상담 신청해 보세요.

​

🥇마인드스페이스 건축유학 5가지 전문성

[1] ▶︎ 하버드, 컬럼비아 건축 대학원 출신 아이비리그 튜터들의 직강

[2] ▶︎ 미국 영국 현지 건축유학 및 해외 취업에 관한 가장 최신 정보 전달 

[3] ▶︎ 아이비리그 & 탑아트스쿨 역대 합격 노하우를 응축한 독자적 시스템 

[4] ▶︎ 역대 장학금과 합격률 

[5] ▶︎ 장소에 제한되지 않는 온라인 수업 진행",건축,professional,
전공 수업만 열심히? 학교도 안 알려주는 미국 디자인 유학의 진짜 성공법,"미국 대학에 합격했다고 해서, 전공 수업만 착실히 듣고 졸업하면 성공할 거라고 생각하셨나요?현실은 조금 다릅니다. 미국에서 디자인을 전공하고, 수년간 글로벌 탑 디자인 스튜디오에서 실무를 경험한 튜터로서, 오늘은 유학 생활을 단순한 '학위 과정'이 아닌 실제 커리어로 연결하는 방법을 알려드리려 합니다.


School of Visual Arts | The Writing Resource Center (WRC)

​

✅ 영어 좀 할 줄 안다고요? ‘설득할 줄 아는 디자이너’로 훈련하세요. 

​

영어가 원어민 수준이 아니라면, SVA 등 대부분 학교에서 제공하는 1:1 에세이 튜터링을 반드시 활용하세요. 단순히 에세이를 써야하는 수업에 필요한 문법을 교정받는 데 그치지 마세요. 더 중요한건, 학교에서 무료로 제공하는 이 서비스를 통해 논리적으로 내 작업을 설명하고 설득하는 흐름을 익히도록 나의 작품을 설명하는데 사용해보세요. 

​

디자인은 시각적인 결과만으로 판단받는 직업처럼 보일 수 있지만, 실제로는 말과 글로 자신을 설득력 있게 표현하는 능력이 필수입니다. 당장 인터뷰나 포트폴리오 리뷰에서도 내가 왜 이렇게 디자인했는지, 어떤 문제를 해결하려 했는지를 논리적이고 매력적으로 설명하는 능력이 없으면 기회는 멀어집니다.

​

실제로 제가 인턴을 준비하던 시절, 정말 실력이 뛰어난 클래스메이트가 있었습니다. 기술도 좋고 포트폴리오도 훌륭했지만, 첫 인턴십 인터뷰에서 낙방했어요. 그 이유는 간단했어요.

“왜 이 디자인을 이렇게 했나요?”라는 질문에 그녀가 논리적이거나 전략적인 답을 하지 못했기 때문입니다.

그 순간 면접관은 이렇게 생각했죠: ‘아무 생각 없이 예쁘게만 만든 건가? 실력은 있어도 문제 해결 능력이나 커뮤니케이션 스킬은 부족하겠군.’ 이건 단지 영어의 문제가 아닙니다. 생각을 구조화해서 말로 표현하는 훈련이 되어 있느냐의 문제입니다.그래서 영어 튜터링은 단순한 언어 공부가 아니라, 디자이너로서 자신을 ‘잘 판매하는 방법’을 배우는 시간이어야 합니다.

✅ ‘인맥’은 실력의 또 다른 표현입니다.

​

한국에서는 인맥을 '낙하산'으로 보는 경향이 있지만, 미국에서는 실력 있고 성실한 사람을 추천하는 일이 오히려 긍정적인 신호입니다. 첫 인턴십은 교수님의 추천으로 연결되는 경우가 많습니다. 따라서 수업 시간에 질문하고, 개인 피드백을 요청하며 교수님과의 관계를 진심으로 쌓는 것이 중요합니다.

​

또한, 디자인은 팀워크가 필수인 분야입니다. 학교에서는 개인 프로젝트에 집중하는 경우가 많지만, 팀 프로젝트에 자발적으로 참여해보세요.협업 경험은 포트폴리오의 깊이를 더하고, 실무에 강한 사람이라는 인상을 줄 수 있습니다.

✅ 학교 안에만 갇히지 마세요: 실전은 학교 밖에 있습니다.

​

모든 해답을 전공 수업 안에서만 찾으려 하지 마세요. 실무에 대한 궁금증이나 툴의 디테일한 사용법까지, 교수님들이 모두 다 알려주긴 어렵습니다.

​

왜냐하면, 학교 수업은 어디까지나 기본기를 다지는 커리큘럼에 맞춰져 있기 때문이에요. 실제 업무처럼 빠듯한 작업 시간, 복잡한 프로세스, 클라이언트 상황을 반영하기엔 한계가 있고, 그에 맞춘 1:1 실무 피드백을 줄 시간적 여유도 제한적입니다.

​

그래서 중요한 건 ‘학교 밖’의 경험입니다. 선배나 업계 디자이너에게 직접 묻고, 실무 프로젝트를 경험해보는 것. 이게 바로 ‘졸업 후에도 살아남는 디자이너’를 만드는 진짜 차이입니다.

​

*링크드인(LinkedIn)*이나 동문 네트워크를 활용해 업계 종사자에게 직접 조언을 구하세요.한 번의 대화로 방향이 바뀌기도 하고, 인턴십 기회로 이어질 수도 있습니다. 중요한 건, Proactive(적극적인) 태도입니다. 정보가 오기를 기다리지 말고, 내가 직접 움직이세요.

​

​


​


​


​

디자인 유학 | 디자인 포트폴리오 상담문의

​

[전화 · 문자]  010.7343.0537

[주소] 서울시 강남구 신사동 613-4층, 마인드 스페이스 포트폴리오 아카데미

[대중교통]

지하철: 압구정역 2번 출구에서 도보 약 4분

버스: 현대아파트 정류장에서 도보 약 3분 (광림교회, 현대고등학교 방면)

​",디자인,professional,
미국디자인유학 취업 성공을 위한 미술 STEM 전공 리스트와 유망 직업 8가지,"오늘 압구정유학미술학원 미국디자인유학 요약

​

[1] STEM이 뭐야? 미국 STEM제도와 장점 알아보기

[2] 미국디자인대학원 STEM 전공 학과 리스트

​

안녕하세요, 미국디자인유학 미국디자인대학원 전문 마인드스페이스 압구정유학미술학원 NYU-ITP 디자인 튜터 Jeo 입니다. 

​

미국 디자인 유학을 준비하는 학생들 대부분은 학업을 끝낸 뒤 미국의 유명 회사들, 이른바 FAANG(Faceboook 페이스북, Apple 애플, Amazon 아마존, Netflix 넷플릭스, Google 구글)과 같은 회사에 취업을 목표로 합니다. 

​

일례로 마인드스페이스 압구정유학원에서 미국디자인유학을 준비했던 학생 A양은 졸업 후 미국에서 디자이너로 일하기 위해 미국 정부가 취업 비자를 추가적으로 제공하는 'STEM 전공' 학과에 지원하였습니다.

​

미국디자인대학 졸업 후 미국디자이너 취업을 목표로 하는 학생이라면 STEM 제도와 전공에 대해 반드시 알고 전략적으로 지원해야 합니다. 미국디자인대학원을 준비하는 유학생, 미국 취업을 준비하는 디자이너들은 오늘의 글을 잘 읽어주세요!

​

미국 정부가 지원하는 STEM 전공

STEM 졸업 후 미국에서 디자이너로 

취업하는 법

​

​

​

STEM 전공이란 무엇이고, 왜 미국에서 디자이너로 취업하려면 왜 STEM 전공에 지원해야 할까요?

​

STEM 전공은 <Science 과학 + Technology 기술 + Enginneering 공학 + Math 수학 >에 관련된 전공을 모아서 설명하는 단어입니다.

​

미국 정부는 STEM 전공자들을 육성하기 위해 다양한 제도를 만들었는데, STEM 전공자는 OPT비자 (F-1 학생 비자를 보유한 학생을 대상으로 전공 관련 분야에서 최대 12개월간 미국 내에서 취업을 할 수 있도록 허용용하는 프로그램)를 최대 3년까지 연장할 수 있습니다.

​

쉽게 정리해보자면, 아래의 차이가 있습니다.

일반적인 전공의 경우 : 졸업 후 1년간 취업 허가

STEM 전공의 경우 : 졸업 후 최대 3년간 취업 허가

​

즉, 미국에서 취업을 바라는 지원자에게는 첫해에 미국취업 비자인 H-1B 추첨에서도 떨어지더라도, 남은 2년 동안 2번의 추첨 기회가 더 있다는 것입니다 (매년 4월 초 추첨).  그렇다면 Sponser의 입장에서도 3번의 추첨 기회가 있는 STEM 전공 지원자를 뽑는 것을 더욱 선호할 것이고, 이렇게 3년 안에 H-1B 비자가 당첨되었다면 이를 바탕으로 직장 내 커리어를 쌓아 미국 영주권을 신청하는 방법이 있습니다. 

 

대학원 진학은 미래에 대한 투자라고 할 수 있습니다. 같은 학교를 지원했더라도 졸업 후에는 어떤 전공을 했는지에 따라 업계 대우, 연봉에서 매우 큰 차이가 납니다. 미국디자인대학 유학 후 반드시 취업할 계획이라면 졸업 후 진로까지 생각하여 전공을 신중히 선택해야 합니다.

​

특히 STEM 전공은 졸업 후 높은 연봉으로 알려져있습니다. 이처럼 STEM전공은 미국 정부가 지원하고 있으며 Apple, Google과 같은 빅테크 기업과 실리콘 밸리에서 졸업 후 취업할 수 있는 기회를 많이 얻을 수 있는 좋은 전공입니다. 따라서 미국 유학 후 미국 디자이너 취업을 생각하는 학생이라면 STEM 전공에 전략적으로 지원하는 것이 좋습니다.

​

이러한 STEM 전공이 있는 미국디자인대학원들은 NYU(ITP), RISD(Graphic desigh), SVA(Interaction design), Parsons(Design and Technology), Pratt(Information Experience Design)등이 있으며 미국디자인대학은 NYU(IMA), RISD(Graphic Design), SVA(Computer Art), Parsons(Communication), Pratt(Digital Arts) 등이 있습니다.

​

 미국디자인스쿨 STEM 전공 진학 후

어떤 진로를 선택할 수 있나요?

Previous imageNext image
마인드스페이스 압구정유학미술학원 - 미국디자인스쿨 STEM 전공 준비 UXUI 수업 사진

​

미국디자인스쿨 STEM 전공으로 유학을 갈 경우, 졸업 후에 선택할 수 있는 직업군은 다양합니다. STEM(Science, Technology, Engineering, and Mathematics) 전공을 살려 디자인 분야와 융합한 대표적인 직업들을 알아봅시다.

​

​

1. UI/UX 디자이너 (User interface/User Experience Designer) :

사용자 경험과 사용자 인터페이스를 설계하는 역할입니다. 사용자가 제품이나 서비스를 사용할 때의 경험을 개선하는 데 중점을 둡니다.

업계 : IT 기업, 스타트업, 디자인 에이전시

​

2. 제품 디자이너 (Product Designer) : 

물리적 제품 또는 디지털 제품을 설계합니다. 기술적 요소와 사용자 요구를 결합하여 혁신적인 제품을 개발합니다.

업계 : 제조업체, 기술 스타트업, 디자인 컨설팅 회사

​

3. 디자인 엔지니어 (Design Engineer) : 

엔지니어링 원칙을 디자인 과정에 적용하여 제품을 개발합니다. 기능성, 제작 가능성, 경제성을 고려합니다.

업계 : 자동차 산업, 항공우주 산업, 소비자 전자제품 회사

​

4. 인터랙션 디자이너 (Interaction Designer) : 

사용자와 제품 간의 상호작용을 설계합니다. 주로 디지털 플랫폼에서의 상호작용 경험을 향상시키는 데 중점을 둡니다.

업계 : 소프트웨어 개발 회사, 웹 개발 회사, 게임 개발 회사

​

5. 크리에이티브 디렉터 (Creative Diractor) : 

창의적인 비전을 설정하고 프로젝트의 전반적인 디자인 방향을 결정합니다.

업계 : 광고 에이전시, 디자인 스튜디오, 대기업의 디자인 부서

​

6. HCI 전문가 (Human-Compurer Interaction Specialist) : 

인간과 컴퓨터 사이의 상호작용을 연구하고 이를 기반으로 더 나은 사용자 인터페이스를 설계합니다.

업계 : IT기업, 연구소, 교육기관

​

7. 3D 모델러 및 애니메이터 (3D Modeler and Animator) : 

3D 소프트웨어 사용하여 모델과 애니메이션을 제작합니다.

업계 : 게임 개발 회사, 영화 및 애니메이션 스튜디오, 가상현실(VR)및 증강현실(AR) 회사

​

8. 로보틱스 디자이너 (Robotics Designer) : 

로봇의 설계와 개발에 참여합니다. 주로 인간과 로봇의 상호작용을 중시합니다.

업계 : 로봇 제조업체, 연구소, 기술 스타트업

​

STEM 전공의 미국디자인스쿨을 졸업하면 이러한 다양한 직업군이 진출할 수 있으며, 각 직업군은 혁신적인 사고와 창의적인 문제 해결 능력을 요구합니다. 또한, 전문적인 경험과 지식, 기술력들을 갖춘 인재로서 글로벌 시장에서 높은 경쟁력을 가질 수 있습니다.

​

​

마인드스페이스 압구정 유학미술학원에서는 STEM 전문 특화 수업을 통해 미국디자인대학 포트폴리오 뿐 아니라, Google / Microsoft 출신 디자이너 선생님들께서 미국 디자이너 취업에 대한 현지 정보와 해외 취업가이드를 제공해 주고 있습니다. 전문적인 디자인 포트폴리오 리뷰가 필요한 학생이라면 아래 번호로 상담신청해 보세요.

​

오늘 압구정유학미술학원 미국디자인유학 글 정리

​

[1] 미국디자인스쿨 STEM 전공 가이드와 해외 취업에 대한 현지 정보가 필요하고

[2] 미국디자인대학 전공별 포트폴리오 제작 방법에 대한 이해가 필요한 학생이라면

​

미국디자인스쿨 전문 컨설턴트, 파슨스디자인스쿨, RISD, NYU ITP 출신 튜터들과 마이크로소프트, 구글 출신 디자이너들의 생생한 미국디자이너취업 피트백을 받을 수 있는 마인드스페이스 압구정유학미술학원에 지금 상담신청 해보세요.

​

​

🥇마인드스페이스 디자인유학 5가지 전문성

[1] ▶︎ Microsoft, Google 실리콘밸리 출신 디자이너 튜터들의 직강 

[2] ▶︎ NYU Tish, RISD, Parsons 등 최정상 디자인학교 튜터들의 직강 

[3] ▶︎ 미국 디자인 현지 유학 및 해외 취업에 관한 가장 최신 정보 전달 

[4] ▶︎ 아이비리그 & 탑아트스쿨 역대 합격 노하우를 응축한 독자적 시스템 

[5] ▶︎ 포트폴리오 & 컨설팅 원스톱 파격 서비스",유학 및 컨설팅,qna,
2024년 합격자 명단 | 아이비리그 4개 대학 합격과 억대 미국대학장학금,"안녕하세요

미국미술유학·영국미술유학 전문 마인드스페이스 압구정 유학미술학원 입니다.

​

올해 저희 학생들 전원이 원하는 아이비리그 미술대학과 탑스쿨에 모두 합격하는 의미 있는 성과를 냈습니다. 이러한 배경에는, 학생과 학부모님들의 피드백처럼 차별적인 포트폴리오가 핵심이었습니다. 

​

미술유학 준비를 탄탄히 해 온 국제학교 학생들 뿐 아니라 GPA가 다소 낮은 학생, 검정고시 학생, 국내 지방대학 학생들이 아이비리그와 희망 탑스쿨에 합격하고 억대의 미국대학장학금까지 받을 수 있었던 이유는, 학생이 현재 바꿀 수 없는 부분들을 엄격히 구분하고 학원과 학생이 함께 바꿀 수 있는 부분들에 힘을 쏟았기 때문입니다. 

​

미국대학컨설팅에서는 포트폴리오와 연결된 에세이 그리고 이를 뒷받침하는 비교과활동 내역이 차별적인 성과를 낼 수 있는 주요 요소입니다. 

 

자,  2024년 합격자 목록을 공개합니다.

각별한 수업을 받은 저희 학생들이 더 넓은 세상에서 중요한 질문을 던지는 사람이 되기를 바랍니다.

​

​

​

​

[2024년 합격자 리스트]


​

​

​

​

​

[최근 3년 합격자 리스트]

​


오늘의 압구정미술유학원 글 정리

​

[1] 미술유학을 생각하고 있으나 전공과 진로에 대한 상담이 필요하고

[2] 현재 상황에서 갈 수 있는 탑스쿨과 이에 대한 로드맵이 필요한 학생이라면

​

아이비리그 미술대학, 미영국 미술유학 입시컨설팅 전문 마인드스페이스 압구정 유학미술학원에 상담 신청해 보세요.

​

​

​",상위 키워드,professional,
SIS 국제학교 졸업생이 알려주는 아이비리그 코넬대학교 미술 합격 노하우,"안녕하세요,

3년동안 저희 원에 다닌 SIS 국제학교 졸업생의 코넬대학교 AAP 합격 스토리를 전할 수 있어 기쁩니다. 10학년때 수줍게 첫 상담에 들어와 미술을 좋아한다던 얌전한 친구의 모습이 기억이 나네요. 

​

3년의 기간동안 함께 정말 다양한 경험을 쌓았고, 덕분에 좋은 결과를 만들 수 있었습니다. 아래 코넬대학교 미술전공 합격학생의 후기를 소개합니다.

​

​

​

<본 합격생 후기는 마인드스페이스 압구정 미술유학원 합격생이 직접 작성한 후기입니다. >

​

Previous imageNext image
코넬대학교AAP 미술전공 합격생 실제 수업사진

​

Q: 아이비리그 코넬대학교 미술전공 합격을 축하드립니다! 자기소개와 함께 이번 미국대학입시에 합격한 학교와 전공 소개 부탁드려요.

​

안녕하세요, 저는 SIS 국제학교를 다니면서 마인드스페이스 압구정 유학미술학원에서 10학년, 11학년, 12학년 3년을 다니고 올해 코넬대학교 AAP에 입학예정인 학생입니다.  

 

미국대합입시에 지원한 전공들은 파인 아트이고, 코넬대학교 AAP, Tufts, Pratt 그리고 SAIC 에 합격했어요. 아트스쿨에서는 Pratt $108,000 (1억 5천만원) SAIC $88,000 (1억 1천만원) 장학금 등 억대 장학금을 받아 깜짝 놀랐습니다.

​

​

Q: 마인드스페이스 압구정 유학미술학원에 등록하게 된 이유가 무엇이었나요?

​

저는 아이비리그 미술대학뿐 아니라 미국의 탑스쿨을 지원하는 것이 목표였기 때문에, 미술 포트폴리오 뿐 아니라 미국대학입시를 잘 아는 미술컨설팅 학원을 계속 찾고 있었어요. 

​

마인드스페이스 등록 이유는 역대 합격생 명단이었습니다. 학원에 제가 가고싶어하던 학교를 붙은 선배들이 있었고, 합격 포트폴리오를 보니 다른 곳에 보지 못하는 스타일이었요. 또 처음방문했을 때 학원의 아뜰리에 분위기의 인테리어가 매우 마음에 들었고, 첫 상담 때 원장님이 매우 친절한 미대입시설명을 해주셔서 등록하게 되었습니다 :)

​

​

Q: 아이비리그대학교와 미국대학입시를 준비할 때 어떤 측면에 집중했나요?

​

미국대학입시를 준비할 때는 이해하지 못한 개념을 복습하고 SAT 연습 문제를 많이, 그리고 반복적으로 풀었습니다. 입시 시험 외에는 Ivy League art 의 높은 수준에 부합하기 위해 Art supplement 와 portfolio 작업에 많은 시간과 노력을 투자했어요.

​

같은 학교에 아이비리그대학교 및 탑스쿨들을 지원하는 주변 친구들만 봐도 내신 성적과 SAT 점수는 이미 매우 높은 성적이기 때문에, 저만의 차별적인 포인트가 필요했어요. 마인드스페이스 유학미술학원의 컨설팅 선생님과 매월 미팅을 통해서 저만이 이야기 할 수 있는 주제를 잡았고, Extra Curricular와 서플리먼트, 포트폴리오에 제가 열정을 가지고 있는 것들에 대해 오랜 시간 꾸준히 표현하려 노력했습니다.  

​

​

Q: 미국 코넬대학교 미술전공 합격의 가장 중요한 요소는 무엇이었나요?

​

제가 생각하는 Cornell Fine Art 프로그램 합격의 가장 중요한 역할은 제 포트폴리오예요. 특히 아트를 잘하는 수많은 지원자들 중에서 저만의 시각을 잘 전달하기 위해 Cornell AAP에서 제시한 6개의 질문을 어떤 접근 방식으로 풀어내는지가 매우 중요했습니다. 내신 성적 및 SAT도 합격 여부에 영향이 있었겠지만 절대 포트폴리오만큼은 아니었을 것입니다. 

​

코넬대학교는 아이비리그 대학교 중에서도 전공에서 요구하는 것이 까다롭기로 유명한 학교였기 때문에 문제 출제 의도를 정확히 파악하고 이에 맞는 표현을 하는 것이 가장 중요해요. 

​

코넬대학교 AAP에 제출한 6개의 Prompts에는 유니폼 디자인 과제부터 2D 페인팅,  3D 입체, 영상까지 여러 전공의 작품 제작이 들어갔고 학원의 다양한 전문 선생님들께서 제가 원하는 작업들을 마음껏 만들 수 있도록 도와주셨습니다. 10학년 때 배웠던 전공별 기초 수업이 11학년 마지막 포트폴리오 제작할 때 큰 도움이 되었습니다.

​

​

Q: 마인드스페이스 압구정 유학미술학원의 미술포트폴리오는 각 학교 지원에 얼마나 많은 도움이 되었나요?

​

저는 마인드스페이스의 포트폴리오에서 파인아트를 전공뿐 아니라 미국대학교 입시 전체의 방향성을 잡는데 큰 도움이 되었다고 생각해요.

​

단순히 그림을 그리고 만드는 것이 아니라 나는 어떤 사람이고 무엇이 중요한지 어떠한 미래를 꿈꾸는지에 대해 많은 생각을 하는 수업들이었고, 이를 입시지원에 있어 에세이, 액티비티, 학교 선정까지 큰 기준을 제시해 주었기 때문입니다.

​

학원에서는 방학 때마다 포트폴리오 수업 전 매일 30분 관심분야 책을 읽게 하셨고, 이러한 원장님의 교육철학이 제가 하고 싶은 게 무엇인지 확실히 아는데 많은 도움이 되었습니다. 독서기록이 에세이를 쓸 때 근거있는 주장들로 활용되었고 작품을 제작에도 깊이 있는 이야기를 할 수 있었습니다.

​

특히 제가 정말 가고 싶었던 아이비리그 미술대학의 포트폴리오 기준은 매우 높기 때문에, 아트 서플리먼트(Supplementary Materials)와 포트폴리오 제작에 경험이 많은 학원 선생님들의 역할이 매우 컸다고 생각합니다. 

​

원장님께서 각 학교별 특성과 제출의도 분석에 매우 능숙하시고, 어려운 부분이 있으면 전문 선생님들을 바로 매칭 시켜 관리받을 수 있도록 모든 부분을 신경 써주셔서 후회 없는 포트폴리오를 만들 수 있었어요!

​

​

Q: 마인드스페이스 미국대학입시 컨설팅은 아이비리그대학 합격에 얼마나 효과적이었나요?

​

마인드스페이스 미국대학 컨설팅은 아이비리그대학에 합격할 수 있도록 편리한 도움을 주셨어요. 월별 목표를 설정해 주셔서 복잡하게 생각하지 않고 목표에만 단순하게 집중할 수 있어 좋았던것 같아요. 10학년때는 저의 특성에 맞는 EC 액티비티는 무엇이 있는지 달별로 정보를 주셔서 학교를 다니면서 부담 없이 결과를 이루도록 도와주셨고, 특히 제가 좋아하는 글쓰기에 맞춰 여러 대회와 자격증, 미국 써머캠프, 작품 공표 등 다양한 가능성을 표출할 수 있도록 도와주셨어요.

​

11학년, 12학년 때는 지난 아이비리그 합격생들의 데이터를 바탕으로 저만의 로드맵을 세워주셔서, 언제 GPA에 집중해야 하는지, SAT 성적은 어느 정도 따면 좋은지에 대한 구체적인 가이드를 주셨습니다.

​

그리고 여러 합격 사례 에세이들을 얘기해 주시면서 미국대학에세이에 대한 정확한 감을 잡도록 도와주셨고, 초반에는 많이 헤맸지만 여러 컨설턴트 선생님들의 피드백을 받으면서 결국 마음에 드는 에세이를 완성할 수 있었어요. 

​

대학 리스트 역시 SIS 카운슬러 선생님의 의견을 듣긴 했지만 최종 확정은 저에 대해 더 잘 아시고 학교에 대해 구체적인 인사이트가 계시는 마인드스페이스 컨설팅 선생님과 함께 결정을 내리고 지원해 원하는 학교에 합격할 수 있었습니다.

​

​

Q: 미국대학입시 과정에서 가장 어려웠던 측면은 무엇이었고, 마인드스페이스 입시컨설팅을 통해 해당 어려움을 어떻게 극복했나요?

​

가장 어려웠던 부분은 미국대학에세이와 포트폴리오의 마무리였던 것 같아요. 마인드스페이스 선생님들에게 에세이와 작품에 대한 많은 피드백을 받았고, 덕분에 모든 것을 잘 마무리할 수 있었습니다.

​

정말 열심히 하다가 입시 막판에 살짝 기운이 빠져 방황했던 때가 있었는데, 그때 원장님께서 끝까지 엑셀을 밟을 수 있도록 저를 믿고 지지해 주시고 쓴소리해주셔서 정신을 차리고 흔들렸던 순간들을 다잡을 수 있었습니다 ㅎㅎ. 감사합니다 원장님!

​

​

Q: 미국대학입시, 그 중에서도 아이비리그 미술대학 입학을 꿈꾸는 학생들에게 강력히 추천하고 싶은 마인드스페이스 압구정 유학미술학원의 특별한 부분은 무엇인가요?

​

저는 미국미대유학 준비를 했지만 학원에는 영국미술유학을 준비하는 친구들도 있었고, 모두가 제일 가고 싶어하던 드림스쿨에 합격하였습니다. 미국대학미술유학을 생각하고 본인이 가고 싶은 학교가 명확하다면 마인드스페이스 유학미술학원을 강력히 추천해요. 

​

특히 아이비리그대학교 미술을 목표로 한다면 더더욱 추천합니다! 학원에서 매년 아이비리그 합격생을 배출하는 것뿐 아니라 지도 선생님들 또한 아이비리그 미술대학과 탑아트스쿨 학력의 선생님들이라 수업에서 배울 점이 정말 많아요.

​

제가 처음 다닌 미술유학원인 마인드스페이스 미술학원은 기초 스킬 뿐 아니라 다양한 전공을 체험하며 제게 맞는 전공을 정할 수 있었고, 새로운 주제와 재료들을 통해 실험적인 작품을 제작할 수 있었어요. 선생님들이 학생에게 신경을 정말 많이 써주세요. 

​

이러한 과정들이 Cornell AAP 및 기타 명문 미대의 합격에 큰 영향을 미쳤다고 생각해요. 학원의 관리 시트 덕분에 앞으로 대학교에 가서도 체계적으로 스케줄을 관리하고 무엇이든 시작할 수 있다는 믿음이 생긴것 같아요.

​

저와 비슷한 SIS 국제학교 학생들에게 저를 가장 잘 아시고 대학입시에 많은 도움을 받았던 마인드스페이스 압구정 유학미술학원을 추천합니다!

​

아이비리그 미술대학, 국제학교 AP | IB Art 상담이 필요하다면 미국대학입시컨설팅 전문 마인드스페이스 압구정 유학미술학원에 상담신청해 보세요.

​

🥇마인드스페이스 미술유학원 5가지 전문성 

[1] ▶︎ 아이비리그 & 탑아트스쿨 전문 

[2] ▶︎ 역대 합격 노하우를 응축한 독자적 시스템 

[3] ▶︎ 포트폴리오 & 컨설팅 원스톱 파격 서비스 

[4] ▶︎ Awards & Activities 활동 보장 

[5] ▶︎ 전공별 최정상 학교 출신 튜터들의 직강

​","파인아트
유학 및 컨설팅
아이비리그",qna,
미국디자인대학 리즈디 합격자가 전하는 가장 뜨거운 신입생 소식! 1편,"미국디자인대학 로드아일랜드 디자인스쿨 소식 요약

​

[1]  신입생 필수 수강, EFS 과정 소개

[2]  RISD장학금 포트폴리오 팁 

​

안녕하세요!

마인드스페이스 압구정 유학미술에서 그래픽디자인 전공을 준비하고, 3개월 만에 RISD(로드아일랜드 디자인스쿨) 그래픽디자인 전공에 합격한 마인드스페이스 Alumni Tutor 혁입니다.

​

오늘은 미국 디자인유학을 준비하는 학생들에게 꼭 필요한 정보!

리즈디 신입생들이 반드시 거쳐야하는 RISD의 EFS (Experimental and Foundation Studies) 과정에 대해 소개해 드리려고 합니다.

​

​

​

리즈디 디자인 스쿨 준비, 이렇게 하면 성공한다! 🎯

​

먼저, 리즈디 신입학 필수 프로그램 소개하기 전에, 제가 3개월 동안 마인드스페이스 디자인유학원에서 포트폴리오를 만들어 빠른시간내에 합격의 결과를 낼수 있었던 요소들을 간략히 말씀드리겠습니다.

​

​

✦ 미국디자인유학을 준비하는 학생들에게 꼭 해주고 싶은 말!

​

✅ 리즈디 입학에 가장 중요한 요소는 포트폴리오! 저는 구글, 마이크로소프트 출신 선생님들과 함께 실제 디자인 사고력을 키울 수 있는 프로젝트 중심의 포트폴리오를 준비했습니다.

✅ 리즈디 수업 스타일을 미리 경험하라! 미국디자인대학 지원 전, 리즈디의 수업 스타일을 미리 경험하고 리즈디가 중요하게 여기는 가치에 맞는 디자인 포트폴리오를 구성하였습니다. 저를 꼭 뽑아야만 하는 이유를 디자인 프로젝트로 보여주었습니다. (단순한 페인팅 작품 나열 X)

✅ 입학 후 쉴 틈 없이 과제가 쏟아지기 때문에, 합격 이후에도 9월 입학 전까지 매일 학원에서 기초 실기 및 디자인 실기력을 쌓는 데 집중하였습니다.

​

✔️ 결과?

💡 불가능할것 같았던 리즈디 합격, 입학 후 과제가 어렵지 않았으며 덕분에 ‘디자인 천재’라는 소리를 들으며 높은 GPA 성적을 유지할 수 있었습니다! 😎

​

​

그럼, 지금부터 미국의 대표 아트앤 디자인스쿨 RISD 신입학 필수 프로그램에 대해 자세히 알아보도록 하겠습니다.

​

​

EFS 뭔데? 리즈디 신입생의 대학 4년을 가르는 필수과정!

​


RISD

EFS(Experimental and Foundation Studies)는 리즈디 학부 1학년 학생이라면 누구나 필수로 수강해야하는 기초 과정입니다.

​

'기초(Foundation) 과정'이라 하면, 단순히 드로잉이나 기초 디자인 스킬만 배우는 단계라고 생각하기 쉽지만, RISD의 EFS는 보다 실험적이고 다양한 학문·매체가 결합된 수업을 한다는 것이 특징입니다.

​

학생들은 Drawing, Design, Spatial Dynamics 세 가지 스튜디오 수업과, 예술·디자인 이론(THAD:Theory and History of Art and Design), 문학·비평 (LAS : Literary Arts and Studies) 두 가지 교양 수업을 들으며 아트·디자인 전반의 기초 실기와 창의적 사고능력을 배우게 됩니다.

​

​

EFS의 수업 일정 & 학기별 주요 내용은 어떻게 되나요?

​


2025년 리즈디 디자인스쿨 수업 일정

​

리즈디 학사 과정은 보통 4년으로 구성되며(건축 5년), 1학년은 가을학기 + 겨울학기 + 봄학기 전체학년을EFS 과정으로 묶어 운영합니다. 윗 학년에 본격적으로 전공을 선택하기 전에 1년 동안 기초과정을 충분히 들으면서 전공에 대한 폭넓은 시야와 관심사를 넓힐 기회를 갖습니다.

​

​

리즈디 1학년 학기별 주요 일정:

📅 가을학기 (Fall Semester)

9/3~12/10: 신입생 오리엔테이션, Drawing, Design, Spatial Dynamics + THAD, LAS 수업

​

📅 겨울학기 (Winter Session)

1/5~2/6: 짧은 집중 세션으로, 학생이 원하는 워크숍 및 실험적인 과목을 수강

​

📅 봄학기 (Spring Semester)

2/12~5/22: Drawing, Design, Spatial Dynamics + THAD, LAS 수업

​

​

중간중간 휴일이 존재하지만, EFS는 과제량이 정말 많고 스튜디오 수업 비중이 높아 방학 중에도 작품 제작및 크리틱 준비에 전념하기 바쁩니다. 따라서 리즈디 디자인스쿨에 합격한 친구라면 입학 전 충분히 과제를 수행할줄 아는 기초 및 전공 실기력을 가져야 합니다. 학생의 전공 과목 선택은 2/3~4/4일 사이에 가능하며, 선택하기 전에 모든 전공 과목에 대해 자세히 알아볼 수 있는 이벤트가 있습니다.

​

위에 요약한 것처럼 저는 3개월 동안 짧고 굵게 마인드스페이스 디자인 튜터들과 디자인 프로젝트 준비를 했습니다. 미국 대학 합격 이후 9월 입학 전까지 학원에 매일 나와 기초 실기와 전문 디자인 실기력을 쌓는데 많은 시간을 보냈습니다. 덕분에 학교를 다니면서 과제가 어렵지 않았고, 쑥스럽지만 '디자인 천재'라는 소리를 들으며 좋은 GPA성적을 받고 있습니다.  

​

​

수업 구성이 궁금해요.

​


리즈디 재학생 수업사진

​

1. Drawing

🖌️ 기초적인 형태, 명암, 질감 표현부터 실험적 드로잉까지 광범위하게 다룹니다.

🖌️ 정물, 인체, 공간 스케치 등 다양한 주제로 실력을 끌어올리며, “왜 이 방법을 택했는가?”에 대한 스토리텔링도 중요하게 여깁니다.

🖌️ 주로 차콜 재료를 사용하며, 누드 크로키 수업이 절반 가까이 차지합니다. 

​

2. Design

📐 발상법, 문제 해결, 그래픽 요소, 설치미술 등 다양한 매체와 테마가 융합되어 있습니다.

📐 현대적인 디자인 수업보다는 조금 더 고전적이고 전통적인 성향이 있습니다. 

​

3. Spatial Dynamics

🛠️ 공간적 사고, 재료 연구, 조형물 제작 등에 집중합니다.

🛠️ Wood Shop, Laser Cutting, Fabrication 등 학교에 마련된 공방을 적극적으로 활용하게 되며, 안전교육 수료 후엔 기계를 직접 다루면서 아이디어를 현실로 구현해 보는 과정을 배우게 됩니다.

​

4. THAD(Theory and History of Art and Design)

📚 아트·디자인의 역사와 이론 전반을 체계적으로 학습하는 교양 과목입니다.

📚 근대·현대 미술사 조류, 영향력 있는 예술가와 디자이너, 주요 작품과 사조 등을 분석하며 미술·디자인을 비평적으로 이해하는 능력을 키웁니다.

📚 실기 수업과 병행해 맥락적 이해를 쌓음으로써, 자신만의 작품 세계에도 보다 깊이 있는 시각을 적용할 수 있게 됩니다.

​

5. LAS (Literary Arts and Studies)

✍️  문학, 창작 글쓰기, 비평 이론 등을 다루어, 언어적·서사적 표현 능력을 강화하는 교양 과목입니다.

✍️  다양한 문학 텍스트를 다루며, 생각을 명확하고 풍부하게 전달하는 스토리텔링 스킬을 연마합니다.

✍️ 작가적인 관점과 학문적 글쓰기 훈련이 결합되어, 스튜디오 프로젝트를 보다 논리적이고 설득력 있게 풀어내는 데 큰 도움을 줍니다.

​

​

이러한 수업 구성은 그저 큰 틀이며, 사실 교수의 성향이 커리큘럼에 큰 영향을 끼칩니다. 교수의 작업 백그라운드, 국적, 나이 등 다양한 요소를이 수업에 영향을 끼치는데요, 교수가 추구하는 방향을 센스 있게 파악하여 본인의 아이디어와 결합하는 것이 가장 중요합니다.

​

오늘은 여기까지 미국디자인대학, 리즈디 1학년 필수 프로그램에 대해 이야기 해보겠습니다. 이어지는 2편에서는 1편보다 중요한 [EFS 수업의 특징, 학기별 주요 일정, 수업 준비 꿀팁]을 넣었으니 미국디자인유학에 관심있는 학생이라면 꼭 참고해주세요. 

​

또한, 리즈디 디자인 수업이나 포트폴리오 준비 과정에 대한 궁금한 점이 있다면 마인드스페이스 상담을 통해 언제든 편하게 문의 주세요. 저 역시 리즈디를 준비하며 고민했던 부분들과 현지 수업내용에 대해 최대한 상세히 답변해 드리겠습니다!

​

​

RISD 디자인스쿨, 제대로 준비하고 싶다면?🚀

​

📌  미국디자인대학, 미국디자인편입, RISD장학금 등의 정보를 알고 싶다면?

📌  마인드스페이스 유학미술에서 체계적인 포트폴리오 준비를 시작하세요!

📌 미국 아트스쿨, 리즈디 디자인 포트폴리오 합격 자료가 궁금하다면, 지금 상담 신청해 보세요!

​

​

​

🥇마인드스페이스 디자인유학 5가지 전문성

[1] ▶︎ Microsoft, Google 실리콘밸리 출신 디자이너 튜터들의 직강 

[2] ▶︎ NYU Tish, RISD, Cornell, Parsons 등 최정상 디자인학교 튜터들의 직강 

[3] ▶︎ 미국 디자인 현지 유학 및 해외 취업에 관한 가장 최신 정보 전달 

[4] ▶︎ 아이비리그 & 탑아트스쿨 역대 합격 노하우를 응축한 독자적 시스템 

[5] ▶︎ 포트폴리오 & 컨설팅 원스톱 파격 서비스 

​","디자인
유학 및 컨설팅",qna,
미국 건축대학원 유학 건축포트폴리오는 어떻게 준비하는걸까?,"어려운 유학을 쉽게, 마인드스페이스 압구정유학원 건축유학 수업 과정 공개

​

성공적인 입학을 위한 포트폴리오 전략

하버드 건축대학원(M.Arch)에 지원을 위해서는 건축 관련 학위는 물론, 미적분, 물리학, 건축사 등 기초 과목을 이수해야 하며, 최근에는 GRE 점수 제출도 요구되는 경우가 많습니다. 이러한 필수 요건을 충족한 후에는 경쟁력 있는 건축 포트폴리오가 중요한 관문이 됩니다.

​

저희 건축유학원은 하버드, 컬럼비아 등 세계적인 건축대학원에 진학을 꿈꾸는 학생들을 위해 체계적이고 전문적인 유학 준비를 제공합니다. 아이비리그 출신의 건축 전문가들이 직접 수업을 진행하며, 학생들에게 맞춤형 상담과 전략적인 준비를 지원합니다. 특히 하버드 GSD와 같은 명문 건축대학원에 합격하기 위해서는 철저한 준비가 필수입니다.

​

저희 유학원에서는 학생들이 이 모든 과정을 준비할 수 있도록 맞춤형 피드백과 체계적인 커리큘럼을 제공하며, 입학을 위한 전반적인 준비를 돕고 있습니다. 다음은 꿈의 건축대학원에 진학하고자 하는 학생들의 수업 과정입니다.

JH 미국 미시간대학교 인테리어 전공에서, 미국 건축대학원 포트폴리오 진학 준비 

2024.10.01 | 건축 비전공자, 건축 대학원 포트폴리오 준비는 이렇게! 

​

Previous imageNext image
미국 건축포트폴리오, 건축유학 수업

이번 수업에서 JH은 새로운 건축 프로젝트에 대해 디테일한 디자인 리뷰를 진행하며, 건물이 주변 환경에서 어떤 역할을 할 수 있을지에 대해 함께 논의하며 수업을 진행하였습니다. 건축 재료의 전반적인 컨셉을 다루고, 어떻게 주변 환경과 실내 공간이 자연스럽게 연결될 수 있을지에 대한 아이디어를 공유하였습니다.

​

이 과정은 JH이 실제 건축 프로젝트에서 중요한 디자인적 요소를 이해하고, 건물이 그 지역 및 환경과 어떻게 조화를 이루는지 알 수 있습니다. 또한, 건축 설계와 디자인에서 필요한 통합적 사고를 키울 수 있습니다.

​

HE 한국 인테리어 학부에서 미국 아트스쿨 건축대학원 준비 

2024.10.01 | 정말 처음으로 건축전공과 유학을 준비한다면!

​

Previous imageNext image
미국 건축포트폴리오, 건축유학 수업

HE은 이번 수업에서 메인 커버 페이지의 섹션 드로잉을 자세히 살펴보고, 어떻게 더 발전시킬 수 있을지에 대해 논의했습니다. 섹션 드로잉을 통해 전체적인 디자인의 방향성을 설정하고, 다양한 아이디어에 대해 함께 이야기를 나누었습니다.

​

또한, 전체 공간 컨셉을 잘 보여줄 수 있는 단면 스케치 드로잉도 함께 리뷰를 진행하였습니다. 각 공간의 배치와 흐름을 파악하고, 더 나은 구성을 위해 필요한 수정 방향을 제시해주었습니다.

​

​

YJ 워싱턴 대학교 건축전공에서, 하버드 건축대학원 GSD 포트폴리오 준비 

2024.10.01 | 미국 Top 건축대학교에서 아이비리그 건축대학원을 목표로 한다면!

​

Previous imageNext image
미국 건축포트폴리오, 건축유학 수업

아이비리그 건축대학원을 목표로 하고 있는 YJ! YJ는 진행 중인 기존 프로젝트의 레이아웃을 정리하는 작업을 계속해서 진행하고 있습니다. 수정이 필요한 드로잉에 대해 리뷰 또한 진행하고 있습니다. 

​

또한, 현재 학교에서 진행 중인 디자인에 대해서도 함께 이야기하는 시간을 가졌는데요. 프로젝트에 대한 여러가지 아이디어를 함께 공유하고, 디자인의 방향성을 구체화하는 데 도움을 주었습니다. 이 과정에서 YJ는 디자인 실력을 한층 더 향상시키며, 실무에 직접 적용할 수 있는 지식을 쌓았습니다.

​

건축유학에 대한 더 자세한 정보는 블로그 [건축유학] 카테고리에서 확인해보세요.

​

건축유학 이렇게 준비해 보세요.

​

[1] 하버드, 컬럼비아, 예일, MIT 등 미국건축대학원 유학 상담을 받아보세요.

​

[2] 목표 탑 건축대학에 쉽게 합격할 수 있도록 정확한 로드맵을 진단 받아보세요.

​

아이비리그 건축유학, 미국건축유학, 영국건축유학 전문 마인드스페이스 압구정 건축포트폴리오학원에 지금 전화해 보세요. 순간의 선택이 합격의 결과를 만듭니다.","건축
아이비리그",general,
"[미술유학포트폴리오] IB DP ART 핵심 3가지_IB visual art, IB과목, 아이비디플로마, IB Exam, IB 시험,국제학교,압구정유학원, 압구정유학미술학원","안녕하세요,

미국유학미술 & 영국유학미술 마인드스페이스 압구정유학미술 IVY 전문 컨설턴트 Janet 입니다.

​

오늘은 많은 국제학교 학생들이 수강하고 있는 IBDP, IB ART에 대해 알아보며 좋은 성적을 받기 위한 중요 체크 포인트 3가지를 함께 알아보도록 하겠습니다.

​


​

​

IB란 무엇일까?

​

IB는 International Baccalaureate의 약자로 많은 나라들이 도입하고 있는 유럽식 교육 시스템입니다. 고등학생들이 많이 선택하는 IB Diploma Program(DP)는 만 16-19세에 해당하는 교육 프로그램이며 미국 뿐만 아니라 여러 해외 대학에서 인정 받고 있는 프로그램입니다. 

​

AP 와는 다르게 IB는 다양한 글쓰기/비판적 사고 능력 개발에 조금 더 집중 되어 있으며 AP는 수업을 수강 여부와 관계없이 시험을 볼 수 있지만, IB의 경우 수업 수강 및 일련의 커리큘럼을 채워야 인정 받을 수 있습니다. 

​

IB는 고등학교를 다니며 대학교 수업을 선행하는데 중점을 둔 AP수업과는 다르게 비판적인 사고를 심어주고 자신의 생각을 자신만의 언어로 서술 할 수 있는 능력을 기르는데 초점이 맞춰져 있다보니 조금 더 섬세한 컨설팅이 필요합니다.

​

IB Diploma를 이수하기 위해서는 55개의 과목 중 6개의 과목을 선택 수강해야 하며, 각 과목은 상위레벨(high level)과 기본레벨(standard level) 두가지 난이도로 제공 됩니다. 또한, DP를 성공적으로 이수 하기 위해선 최소 3개의 상위레벨 (HL)을 이수해야 합니다. 

​

상위레벨 (HL) 3개 + 기본레벨(SL) 3개 = 총 6개의 과목

​

각 과목당 7점 만점으로 총 42점 만점이며 최소 24점 이상의 점수를 받아야 DP 수료를 할 수 있습니다. 

​

또한, Final test뿐만 아니라 다른 평가 요소인 Theory of Knowledge(TOK) + Extend Essay(EE) + Creative/Action/Service(CAS)를 채워야 한다는 특징이 있는데요,

​

CAS는 점수가 매겨지지 않으며 최종 IB점수에 영향을 주지 않습니다. 하지만 EE와 TOK는 A,B,C등으로 점수가 매겨지며 두 프로그램의 합계로 최대 3점이 IB최종 점수에 추가로 반영이 됩니다.

​

6과목 점수 (42점)+ TOK/EE 점수(3점)= 총점 45점 + CAS(150시간) 이수

​

현재 마인드스페이스 압구정유학미술에서는 작품 포트폴리오 제작 뿐만 아니라 이러한 과목 이수에 필요한 소논문/에세이/프레젠테이션의 논리적 작성 및 표현을 도와주고 있습니다. 

​

​

​

IB ART 란 무엇일까?

​

IB DP Art 는 건축, 인테리어, 디자인 등 미술대학 진학을 목표하는 학생들이 많이 선택하는 과목으로 다른 교과목처럼 뚜렷한 목적을 지니고 있습니다.


​

IB Art의 교과목적은 아래와 같습니다: 

예술을 평생 즐긴다

예술에서 지식이 풍부하고, 성찰적이며 비판적 실천가가 된다

예술의 역동적이며 변화하는 특성을 이해한다

시간, 장소, 문화를 넘어서 예술의 다양성을 탐색하고 가치를 안다

자신감과 역량을 바탕으로 아이디어를 표현한다

감각적이며 분석적인 기능을 계발한다

개인적이며 문화적 맥락의 영향에 따라 작품을 제작한다

식견있고 비판적 관찰자, 그리고 시각문화와 미디어의 제작자로 성장한다

개념과 아이디어를 소통하기 위하여 기술, 테크닉 그리고 과정을 개발한다 

​

앞서 말했듯, IB과정이 AP보다는 아트 포트폴리오 뿐만 아니라 부가적인 에세이를 쓰며 작품을 만들어가는 과정을 하나 하나 기록하기 때문에 난이도가 더 높다고 볼 수 있습니다.

​

IB Art의 상위레벨은 240 시간, 하위레벨은 150 시간으로 진행이 되기때문에 장기간에 걸친 평가와 결과물을 잘 표현 해야 합니다. 단순 학생의 성취도나 결과물만을 평가하는것이 아니라 지필 평가, 포트폴리오, 전시 등과 같이 다각도의 평가를 통해 평가가 이루어지기 때문에 많은 준비를 해야 합니다. 

​

따라서, 좋은 IB Visual Art 성적을 얻기 위해선 아래 3가지 핵심을 잘 지켜야 합니다.

​

라이팅 능력

작품 발전 과정

최종 작품 퀄리티



마인드스페이스 유학미술의 경우 미영국 최우수 대학을 졸업한 강사진들이 포트폴리오 뿐만 아니라 전문 에세이 작성 수업을 지도하고 있습니다. IB 같은 경우 학생이 선택한 난이도에 따라 계획 및 스케줄이 달라질 수 있기에 1:1 개별 컨설팅을 제공하고 있으며, 상담 시 준비 과정을 체계적으로 알려드리고 있습니다.

​

또한 단순 미술 기술/기법을 연마하는것이 아니라 주제에 대해 깊이 생각하고, 자신의 생각을 유니크하게 서술하며, 작품의 의미를 전달 할 수 있어야 합니다. 

​

마인드 스페이스 압구정유학미술의 강사진은 작품 구상, 아이디어 회의, 미술 작업 그리고 크리틱 과정을 통해 하나의 작품 뿐만 아니라 과정안에서 자연스럽게 자신의 개성이 드러나는 포트폴리오를 작업할 수 있도록 지속적인 관리가 진행 됩니다.  AP/IB모두 수업 개념의 이해를 바탕으로 창의력 및 과정을 중시하는 국제 학교들에 맞춰 수업을 지도를 하고 있으니 상담을 원하실 경우 아래 번호로 상담문의 바랍니다.","상위 키워드
유학 및 컨설팅",professional,
건축 비전공자가 미국건축대학원 유학 시 알아야 할 2가지,"오늘 압구정 건축유학포트폴리오 글 요약

​

[1] 건축 비전공자가 미국건축대학원을 준비하려면 어떻게 해야하나요?

[2] 건축 비전공자가 미국건축포트폴리오는 어떻게 제작해야 하나요?

​

안녕하세요, 마인드스페이스 건축유학포트폴리오 컬럼비아건축튜터 K입니다.

​

대학 학부에서 실내디자인을 전공하고 계신 학생분께서 2025년 가을학기 미국 건축대학원 (M.Arch1) 진학을 목표롤 준비하는 과정 중 저희 압구정 건축유학원을 찾아주셨고, 앞으로 학생과 함께 건축 비전공자가 미국건축대학원을 준비하는 과정을 공유해 보려고 합니다. 오늘은 건축 비전공자 유학 준비생들이 가장 많이 묻는 질문 2가지와 이에 대한 답변을 적어보겠습니다.

​

​

건축 비전공자 미국건축대학원 준비, 어떻게 하나요?

Previous imageNext image
마인드스페이스 건축유학포트폴리오 _ 비전공자 미국건축대학원 수업사진

​

Q: 건축 비전공자 건축대학원 준비, 어떻게 하나요?

​

A: 유학원에 미국건축석사 유학 상담 시 건축을 전공한 학생이 반, 건축을 전공하지 않은 학생이 반 있습니다. 비전공자의 건축유학 상담의 비중이 상당히 높은편이죠. 질문에 대한 답은 ‘건축을 전공하지 않은 학생들은 M.Arch1의 과정을 거쳐야 한다.’ 입니다.

​

M.Arch1은 기존 학부에서 건축을 전공하지 않은 건축비전공자나, 4년제 건축학부를 졸업한 학생들을 위한 'Pre-Professinal Degree' 프로그램 입니다. 여기서 많은 학생들이 건축비전공자이지만, 건축전공자만큼 포트폴리오를 구성해야한다는 인식이 강합니다. 그러나, 비전공자를 위한 프로그램이 따로 개설된 만큼 우리는 학교에서 학생에게 원하는 바에 대한 정확한 핀포인트가 필요합니다.

​

​

​

​

​

건축적 지식이  하나도 없어요. 건축 비전공자의 미국건축 포트폴리오는 어떻게 만들어야 하나요?


마인드스페이스 건축유학포트폴리오 _ 비전공자 미국건축대학원 수업사진

​

Q: 건축적 지식이 하나도 없어요. 건축 비전공자의 포트폴리오는 어떻게 만들어야 하나요?

​

A: 질문에 대한 답은 다음과 같습니다. 바로 비전공자로써 지원을 하는 만큼 학생의 건축디자인 실력을 전공자만큼 보여주는 포트폴리오가 아니라, 기존의 디자인 작업물들을 다듬고 건축적인 생각을 더하여 건축디자이너로써의 가능성과 디자인적인 생각의 프로세스를 보여주고, 더 나아가 '왜 건축을 공부하고 싶은가'와 같은 본질적인 질문에 대한 명확한 표현이 중요합니다.  

​

저희 마인드스페이스 건축유학원에서는 하버드건축대학원, 컬럼비아건축대학원 출신의 튜터들과 아이비리그 전문 입시 컨설턴트 원장님과 함께 단순 기술적완성도가 높은 건축포트폴리오 제작이 아닌, 입학사정관이 주요히 여기는 개인의 가치관과 정체성을 정확하게 짚어내고 이를 입시에 반영하는 수업을 진행하고 있습니다.

​

​

오늘 압구정 건축유학원 글 정리

​

[1] 건축비전공자를 위한 M.Arch1 프로그램에 대한 구체적인 이해와

[2] 건축 전공적 지식없이 구성하는 비전공자 건축포트폴리오에 대한 상담이 필요한 학생이라면

​

2024년 하버드건축대학원, 컬럼비아건축대학원, 프린스턴건축대학원 합격 등 매년 아이비리그 건축대학원 합격생을 배출하고 있는 마인드스페이스 압구정 건축유학포트폴리오에 상담 신청해 보세요.",건축,qna,
"
국제학교 미술 준비, 압구정 유학미술학원 어디서 시작할까?","어려운 유학을 쉽게, 마인드스페이스 압구정유학원 미술유학 수업 공개

​

국제학교 미술 준비의 첫걸음!

​KY 국제고등학교를 재학하며 미국패션유학 준비

2024.10.18 | 미국 패션디자인유학 준비와 SSI서초 아트 과제를 동시에!

​

Previous imageNext image
국제학교 미술유학 수업

패션에 관심이 많은 KY은 이번 수업에서 패션 아카이빙 작업을 진행하고 있습니다. '아카이빙'이란, 다양한 자료나 이미지를 모아서 정리하는 과정입니다. 잡지에서 원하는 무드를 찾아서 그 이미지들을 콜라주 형식으로 구성하고 있습니다. 

​

구성할 때 중요한 점은 화면의 구도와 조합으로 구도는 이미지들이 화면 안에 어떻게 배치될지 결정하는 것이고, 컬러 조합은 여러 색들이 잘 어울리도록 선택하는 것입니다. KY이가 어떤 스타일의 패션과 색감을 좋아하는지 알아보는 수업입니다. 또한, 앞으로 패션뿐만 아니라 더 넓은 시각에서 다양한 이미지와 스타일을 어떻게 잘 조합할지에 대해서도 배울 수 있는 작업입니다.

MJ 국제고등학교를 재학하며 미국아트스쿨 뉴미디어 전공 준비

2024.10.18 | 미국미대 포트폴리오 준비와 SSI서초 아트 과제를 동시에!

​

Previous imageNext image
국제학교 미술유학 수업

MJ는 지난 수업 시간에 눈과 입술을 그리는 법을 배워 이번 수업 시간에는 얼굴 전체의 구조와 골격에 대해 배우고 있습니다. 얼굴을 그릴 때는 각 부분이 어떻게 연결되는지 이해하는 것이 중요하기 때문에 얼굴의 형태와 뼈대를 자세히 살펴보는 것이 좋습니다.

​

이번 작업은 MJ만의 스타일을 표현하기 위해 마스크처럼 얼굴을 디자인하였습니다. 얼굴을 반으로 나누어 한쪽은 목탄을 사용하여 일반적인 얼굴 형태로 그리고, 다른 한쪽은 컬러감이 돋보이도록 다른 분위기로 작업하고 있습니다. 목탄은 부드럽게 그릴 수 있으면서도 강렬한 느낌을 주기 때문에 다른 스타일의 얼굴을 연출하기 위한 재료로 선택하여 작업을 진행하고 있습니다.

​

MJ처럼 다양한 재료로 자신만의 스타일을 그려보고 싶은 학생이라면, 마인드스페이스 유학미술학원에 상담을 신청해보세요!

​

미술유학 이렇게 준비해 보세요.

​

[1] 전공과 진로에 대한 전문 상담을 받아보세요.

[2] 목표 대학에 쉽게 합격할 수 있도록 정확한 로드맵을 짜보세요.

​

아이비리그 미술대학, 미영국 미술유학 입시컨설팅 전문 마인드스페이스 압구정 유학미술학원에 지금 전화해 보세요. 순간의 선택이 합격의 결과를 만듭니다.","상위 키워드
유학 및 컨설팅",general,
"
[미국미대유학 필수요소-석사편]마인드스페이스|유학미술컨설팅_미국건축석사,미국파인아트석사,미국패션석사,건축석사유학,압구정유학미술","안녕하세요,

미국유학미술 & 영국유학미술 아트 컨설팅 전문 Mind Space |마인드스페이스 (압구정유학미술 학원) IVY 전문 컨설턴트 Brian T입니다.

​

지난번 '미국유학 필수요소 (학사편)'에 이어 오늘은 #미국석사유학 준비 필수 요소들에 대해 알아보도록 하겠습니다. 

​

#미국석사학위는 전공분야에 따라 Master of Art(인문계), Master of Science (이공계), Master of Fine Arts (예술), Master of Architecture (건축), Master of Business Administration (경영) 등으로 분류될 수 있습니다.

​

석사과정은 보통 학사과정 보다 적은 규모의 학생을 모집하기 때문에 학교별, 전공별로 준비 요소가 다른 경우가 많습니다. 예를 들어 경영전문대학(MBA)의 경우 지원자의 GMAT 점수, 경력사항을 비중있게 다루는 반면 건축석사(MArch) 과정은 지원자의 포트폴리오, 학교 성적에 높은 의미를 부여합니다. 

​

오늘은 #미국종합대학교석사 , #미국아트스쿨석사 지원시 체크해야하는 Application 필수요소들과 함께 마인드스페이스에서는 어떻게 학생들의 #미국건축석사 #미국파인아트석사 #미국패션석사 등을 지원하는지 알아보도록 하겠습니다.

미국석사유학 8가지 체크리스트

Previous imageNext image
마인드스페이스 압구정유학미술_석사 현장 강의 사진

(미국건축석사,미국파인아트석사,미국패션석사,미국석사인터뷰,미국석사유학)

미국 석사 지원 시 일반적인 준비사항은 아래와 같습니다.

1. 대학교 성적 (GPA)

2. 공인시험 (GRE, GMAT) / 언어시험 (TOEFL/IELTS)

3. 추천서 (2~3개)

4. CV/레쥬메

5. 에세이/SOP (Statement of Purpose)

6. 포트폴리오 (미술, 건축 석사)  

7. 에세이 샘플

8. 인터뷰

​

미국학사유학 지원 시 기본적으로 요구되는 '학교성적,' '공인시험,' '추천서' 등에 추가로 미국석사유학 지원 시에는 'CV/레쥬메,' '에세이 샘플,' '인터뷰' 등이 요구된다는 것을 알 수 있습니다.

​

​

​

1.대학교 성적 (GPA)

미국석사유학의 경우 학사 때 GPA가 중요한 요소로 작용합니다. 대부분의 대학교가 4.0 또는 4.5 GPA scale을 채택하고 있으며, 4.0 스케일 기준 최소 3.0 이상을 필수충족요건으로 제시하는 학교도 상당히 많습니다.

만약 GPA 가 낮다면, 저희 마인드스페이스 압구정유학미술 컨설턴트와 함께 CV/레쥬메, 추천서, 포트폴리오, 에세이 등을 통해 부족한 GPA를 상쇄하는 방안을 마련해야 합니다.

​

2.공인시험(GRE/GMAT) & 언어시험 (TOEFL/IELTS)

아트 석사를 가는 학생들의 경우, 대부분의 학교에서 대학원 공인시험인 GRE/GMAT을 필수가 아닌 optional 로 채택하고 있기 때문에, 많은 노력과 시간을 들여서 준비를 하지 않아도 됩니다. 다만, 비영어권 국가의 학사를 졸업한 학생들의 경우 언어시험은 필수이며, 학교에서 정한 미니멈 스코어를 넘기는 것이 중요합니다.

저희 마인드스페이스 압구정유학미술에서는 학교별 언어시험 미니멈 스코어를 기준으로 체계적인 연간 계획을 세워 학생이 지원 시점 이전까지 최소기준을 충족시키는 것을 지원하고 있습니다.

​

3.추천서 (2~3개)

미국석사유학의 경우 학교마다 요구하는 추천서의 개수는 상이하나, 기본적으로 2개 내지 3개의 추천서를 요구하고 있습니다. 추천인은 학부 교수님의 추천서를 기본으로 하며, 추가로 학생이 인턴십을 했을 시, employer의 추천서 역시 제출 가능합니다. 추천서는 추천인이 학생을 추천하게 된 이유, 그리고 학생과 있었던 일화를 담아 최대한 구체적으로 작성하는 것이 좋습니다.

저희 마인드스페이스 압구정유학미술에서는 학생의 레주메 분석을 통해 추천인 구성 및 필요시 추천인에게 제출할 영문 추천서 내용 작성 등을 티칭하여, 최상의 추천서를 받을 수 있도록 지원하고 있습니다.

​

4.CV/레쥬메

미국석사유학 CV/레주메는 지원자의 경력, 스킬이 요약되어 있는 1~2장의 보고서를 작성한다 생각시면 됩니다. 기본적인 CV/레쥬메 형식은 인터넷에서 쉽게 찾아볼 수 있습니다.

저희 마인드스페이스 압구정유학미술은 지원하는 학교, 전공에 맞춰 자신만의 개성있는 템플릿 준비를 돕고있습니다. 레주메 한장이라 생각하실 수 있지만 자신만의 차별화된 아이덴티티를 인상깊게 남겨 타지원자와 구분되는, 또 교수진들의 호기심을 불러내는 레주메를 작성하도록 지원하고 있습니다. 

​

5.에세이/SOP (Statement of Purpose)

미국석사 지원서 내에 들어가는 에세이 종류는 학교마다 상이하나, 기본적으로 Statement of Purpose, 자기소개서 (personal statement), 아티스트 스테이트먼트 (Artist Statement) 등을 작성해야합니다. 각 에세이가 요구하는 바가 다르기 때문에, 한 개의 에세이를 작성하여 조금씩 내용을 바꿔 사용하기 보다는 각 에세이의 목적에 부합하는 글을 작성하여, 학생이 본인의 스토리, 가치관, 목표하는 바, 해당 학교에 지원하고자 하는 이유 등이 잘 드러날 수 있도록 노력하여야 합니다.

저희 마인드스페이스 압구정유학미술에서는 라이팅 전문 컨설턴트와의 1-1 미팅을 통하여 학생의 성향 및 배경, 목표 등을 파악하여, 전문적이면서, 독창적인 에세이를 작성할 수 있도록 지원하고 있습니다.

​

6.포트폴리오

포트폴리오는 전공마다 학교마다 요구하는 것이 매우 다양하고 다릅니다.  GPA, 공인영어성적 등 학교에서 요구하는 Admisson requirement를 충족하는 희망학교 리스트가 정해졌다면, 학교별 Portfolio requirement를 확인하며 프로젝트를 구성하는 것이 좋습니다. 건축, 파인아트, 디자인, 패션의 경우 큰 파트로 나눠 지원 전략을 구성할 수 있습니다.  #미국건축석사 의 경우 건축 공학 계열과 / 건축 디자인 계열, #미국파인아트 의 경우 역사, 크리틱, 이론 계열과 / Studio Practice 계열, #미국디자인석사 의 경우 상업·실무적 계열과/ 디자인 철학, 심미학적 계열, #미국패션석사 의 경우에는 비지니스 계열과 / 패션디자인 계열로 구분됩니다.

석사를 준비하는 많은 학생들의 경우 자신의 연구분야를 확정짓고 그에 맞는 구체적인 전공선택을 어려워하는 경우가 많습니다. 저희 마인드스페이스 압구정유학미술에서는 학생의 그동안의 작업, 삶의 경험, 그리고 앞으로 나아가자하는 인생의 목표까지 함께 토론하고 설계해나가며 석사 전공 선택을 함께 결정하고 있습니다.

​

7.논문/에세이 샘플

미국석사유학 에세이샘플은 학부시절 자신이 작성했던 논문, 에세이 등을 지원서에 첨부하여 제출하는 것을 의미합니다. 미국대학교에서는 에세이 샘플 확인을 통해 유학 지원자의 학업능력, Writing 레벨, 고유의 생각 등을 평가하고, 에세이 샘플을 유학 지원자의 Essay/SOP(Statement of Purpose)와 비교하여 표절 혹은 대필 가능성을 점검합니다. 

학생이 학부 시절 기존에 작성해놓은 영어논문 및 에세이가 없을 시, 마인드스페이스 압구정 유학미술의 전문 Academic writing 컨설턴트와의 작업을 통하여 학생이 학부 시 공부한 내용을 바탕으로 수준급 논문 작성을 지원하고 있습니다.

​

8.인터뷰

인터뷰는 미국 석사 지원 시 꼭 넘어야 할 관문이자 중요한 체크 포인트 중 하나입니다. 미국 유학 학사 지원 시에는 인터뷰를 진행하지 않거나 In-person 형태가 아닌 online platform (video) 형태의 인터뷰를 진행하는 경우 또는 Optional로 지원하는 경우가 많습니다. 하지만 석사과정의 경우 학교 졸업생, 리크루팅 담당자와의 인터뷰가 필수로 요구되고 있으며, 인터뷰 결과에 따라 당락이 좌지우지되는 경우가 많습니다. 따라서 미국 석사 지원시에는 2~3개월 전부터 영어 인터뷰 준비를 필수로 해야합니다.

​

저희 마인드스페이스 압구정 유학미술은 다양한 원어민 수준의 인터뷰어 선생님들과 체계적인 인터뷰 연습을 진행합니다. 브라운대학교, 라이스대학교 Allumni Interviewer 선생님들과 역대 전공별 질문 리스트, 학교별 추가 질문 리스트, 포트폴리오 하이라이트 소개 등 다방면의 질문과 대답을 연습하고 있습니다. 또한 예상치 못한 질문을 들었을 경우, 대화 중 답변을 적절히 하기 어려운 경우 등 인터뷰 도중 발생할 수있는 여러 조건에 대한 대처 방법까지 세세하게 대비하여 준비하고 있습니다. 

오늘은 미국석사유학에 필수적인 요소들과 #미국건축석사 #미국파인아트석사 #미국패션석사 과정에 대해 알아보았습니다. 미국·영국 미술유학에 대한 상담을 원하실 경우 아래 주소로 상담 예약 부탁 드립니다.","상위 키워드
유학 및 컨설팅",professional,
"9학년 엄마의 고민, 어떤 미술 전공이 적합할까요?","안녕하세요!

미국 미대 입시 컨설팅 전문 마인드스페이스 압구정유학미술학원 상담실장 Rebecca입니다.

 

2025년 새해 시작이 엊그제 같은데 벌써 한달이 훌쩍 넘었습니다.

올해 입시를 준비하는 학생과 학부모님들께는 시간이 더욱 빠르게 지나가고 있을 텐데요. 

 

올해 1월부터 미술, 디자인, 건축, 패션 유학의 상담이 꾸준히 이어지고 있습니다.

특히 국제학교 9학년과 10학년은 전공을 탐색하고 진로를 정하는 중요한 시기입니다. 

이 시기에 어떤 방향을 잡느냐에 따라 아이의 미래가 달라질 수 있기 때문에 많은 부모님들이 고민하고 계십니다.

​

9학년 엄마의 고민: 우리 아이, 어떤 미술 전공이 적합할까요?

​

얼마전 마인드스페이스 압구정유학미술학원에 방문한 예비반 학부모님 상담 케이스를 이야기해볼까 합니다.

​

국내 국제학교에 다니는 9학년 학생의 학부모님이 방문하셨는데요. 아이는 어릴 때부터 그림 그리는 것을 좋아했고, 현재 학교에서 미술수업을 듣고 있다고 하셨습니다. 하지만 미술을 좋아하는 것과 이를 진로로 연결하는 것은 또 다른 문제이기에, 학부모님께서는 아이의 관심사를 어떻게 구체적인 전공으로 이끌어줄지 고민하고 계셨습니다.

 이때 어머님께서 가장 궁금해했던 점은 다음과 같았습니다.

​

어릴적부터 미술을 좋아했는데 진로 고민이 커요. 어떤 전공이 적합할까요?

2. 커먼앱 EC 미술 활동이 없어서 고민이예요. 어떻게 채울수 있을까요?첫째 미국대학 보낼때 EC 때문에 정말 힘들었기 때문에 둘째는 미리 준비하고 싶어요.

3. IB학교라서 학업 부담이 큰데, 공부하면서 포트폴리오 제작도 같이 가능할까요?

​

Previous imageNext image
9학년 전공체험 수업사진

미국미대 입시 컨설팅 전문가가 알려주는 3가지 솔루션!

9~10학년은 전공 탐색과 입시 전략의 시작점입니다.

​

1️⃣11학년부터는 본격적인 원서 작성이 시작되기 때문에, 그 전에 준비가 되어 있어야 해요.

→ 지금은 기초 실기를 다지고, 미리 여러 전공을 체험해보며 아이에게 맞는 진로 방향을 찾아가는 시기입니다.

​

2️⃣ 커먼앱의 EC(과외활동) 항목은 갑자기 채울 수 없어요.

→ 저희 원에서는 학생의 학년과 전공 관심사에 따라 맞춤형으로 EC 활동을 계획하고,

매년 꾸준히 활동을 쌓아가며 입시에 전략적으로 활용할 수 있도록 도와드립니다.

​

3️⃣ 9~10학년 때 준비한 포트폴리오도 입시에 ‘쓸모’가 있습니다!

→ 이 시기에 만든 작품은 12학년 때 본 포트폴리오는 물론, 대학에 추가로 제출하는

아트 서플리먼트(Supplementary Material) 로도 사용할 수 있어요.

​

→ 즉, 포트폴리오를 미리 준비하면 12학년 입시 지원 시 갑작스러운 변화나 변수에도

여러 방향으로 대응이 가능해지고, 학생에게 큰 안정감을 주는 전략적인 준비가 됩니다.

실제  매년 비아트 전공학생들도 사전에  포트폴리오 준비하여, 지원 전략 변화에 유연하게 대처하며 아주 좋은 결과를 얻고 있습니다.

​

​

​

가장 추천 드리는 프로그램은 어떤건가요?

​

저희는 마인드 스페이스 전공 체험 프로그램을 추천합니다.

전공 체험 프로그램의 장점

1.   파인아트, 디자인, 건축 등 학생이 관심있어하는 전공을 전공 출신 선생님들과 골고루 체험할 수 있어요.

2.  전공 고민으로 시간 낭비 없이 입시준비를 수월하게 진행할 수 있어요.

3.  대학입학 후 진로 방황은 이제 그만! 예비반때 전공을 직접 체험하고 입시반때 전공을 결정함으로써 미리 대학 과정의 파운데이션 프로그램을 경험하여 혼돈을 최소화 할 수  있어요.

 

​

​

학생 카운슬러 선생님의 조언

​

“성공적인 입시 결과는 전공과 진로를 탄탄히 준비한 자들의 것입니다”

 

9학년은 대학 입시 방향을 정하는 골든 타임이라고 하죠. 입시를 처음 준비하고 기본기를 다질 수 있는 황금 시기이기 때문입니다. 이 시기를 놓치지 말고 아이가 미래에 한걸음 다가갈 수 있도록 도와주세요. 학년이 올라갈수록 내신관리, IB·AP 과목 공부, 시험 대비 등 공보 외에도 신경 써야 할 일들이 기하급수적으로 많아집니다.

또한 미국대학에서 중요하게 보는 EC 활동 도 시간과 전략이 필요한 영역이기 때문에, 9, 10학년은 전공과 진로를 탐색해 두면, 미국 상위권 대학 준비가 훨씬 수월해집니다. 

​

특히나 아이비리그 미술대학처럼  탑스쿨을 목표로 한다면 학생이 전공에 맞는 활동과 경험을 어떻게 쌓아왔는지가 굉장히 의미있게 작용합니다. 그래서 이 시기에 전공 탐색과 진로 컨설팅이 꼭 필요합니다.

​

​


실제 9학년 미술 전공 상담 후기 글

​

👉 아이의 진로를 막연한 고민이 아닌 전문가들과 확실한 계획으로 바꾸고 싶다면 지금 상담 예약해 보세요.

마인드스페이스 유학미술학원에서 아이가 스스로의 가능성을 발견하고, 그 가능성이 구체적인 전공과 진로로 이어지도록 도와드립니다. 

​

​

🥇마인드스페이스 미술유학원 5가지 전문성 

[1] ▶︎ 아이비리그 & 탑아트스쿨 전문 

[2] ▶︎ 역대 합격 노하우를 응축한 독자적 시스템 

[3] ▶︎ 포트폴리오 & 컨설팅 원스톱 파격 서비스 

[4] ▶︎ Awards & Activities 활동 보장 

[5] ▶︎ 전공별 최정상 학교 출신 튜터들의 직강","상위 키워드
유학 및 컨설팅",qna,
하버드 건축대학원 합격을 위한 건축유학 전략 가이드,"어려운 유학을 쉽게, 마인드스페이스 압구정유학원 건축유학 수업 공개

​

하버드 건축대학원은 전 세계 건축 유학을 준비하는 학생들의 궁극적인 목표 중 하나로 손꼽힙니다. 특히 GSD(Graduate School of Design)는 건축디자인, 도시계획, 조경 등 다양한 분야에서 선도적인 커리큘럼을 제공하며, 깊이 있는 학문과 창의적인 포트폴리오가 요구됩니다.

​

건축대학원 진학을 준비하는 학생이라면 하버드의 입학 요건과 전공별 특징, 그리고 포트폴리오 구성 방식에 대한 철저한 이해가 필요합니다. 특히 하버드 건축대학원은 단순한 기술력보다 사고력과 디자인 철학, 사회적 영향력까지 반영하는 통합적 사고를 중시합니다.

​

저희는 다년간 하버드 GSD를 포함한 아이비리그 건축유학 지원을 전문적으로 컨설팅해온 경험을 바탕으로, 학생별 맞춤 전략을 제시합니다. 하버드 건축대학원 합격을 목표로 한다면, 지금부터 체계적인 준비를 시작해보세요.

JW 이화여자대학교 건축학부 졸업, 미국 아이비리그 건축대학원 준비

미국 대학원 졸업과 더불어 건축 취업 준비까지!

​

Previous imageNext image
건축유학 지원 전략

JW는 이화여자대학교 건축학부를 졸업한 후, 하버드 건축대학원 GSD에 진학하기 위해 포트폴리오 수업을 하고 있습니다.

​

지난 수업에 이어 JW는 격리 주거 시설 프로젝트를 거의 마무리하고 있으며, 새로운 프로젝트인 Cloud Atlas의 레이아웃 구성에 대해 함께 논의하였습니다. Cloud Atlas는 공모전 프로젝트로 독창적인 디자인과 기능성을 고려하여 구상되는 작업으로 JW가 구상한 디자인을 바탕으로 실제 레이아웃으로 변형하고 있습니다.

​

건축유학 이렇게 준비해 보세요.

​

[1] 하버드, 컬럼비아, 예일, MIT 등 미국건축대학원 유학 상담을 받아보세요.

​

[2] 목표 탑 건축대학에 쉽게 합격할 수 있도록 정확한 로드맵을 진단 받아보세요.

​

아이비리그 건축유학, 미국건축유학, 영국건축유학 전문 마인드스페이스 압구정 건축포트폴리오학원에 지금 전화해 보세요. 순간의 선택이 합격의 결과를 만듭니다.

​
","건축
아이비리그
유학 및 컨설팅",general,
"[미국대학원] 하버드 건축디자인 대학원(GSD) M. Arch I_하버드건축대학원,건축유학포트폴리오,미국건축대학원,건축대학원유학,대학원입시컨설팅, 압구정유학미술학원","안녕하세요,

하버드 GSD 건축학과 튜터들 직강, 아이비리그 대학원입시컨설팅 전문 마인드스페이스 건축유학원 입니다. 오늘은 건축 비전공자도 지원 가능한 하버드 건축대학원 GSD M.arch 1 1. 지원자격과 지원서류 2.포트폴리오 3.에세이 리콰이어먼트와 이에 대한 핵심체크 사항을 공유하려 합니다.  M.arch 1을 지원 할 예정이시라면 아래 글을 꼼꼼히 읽어보시길 바랍니다.

​



​

건축 비전공자도 지원 할 수 있는 하버드 건축 대학원 GSD M.arch I 에 대해 소개합니다. 하버드 GSD는 Graduate School of Design의 약자입니다. 디자인 대학원 안에 건축 대학원도 포함되어 있으며 건축, 조경, 부동산, 설계공학, 도시계획 등 석사와 박사과정을 제공하고 있습니다. 

​

Department of Architecture

Department of Landscape Architecture

Department of Urban Planing and Design

Design Studies

Desing Engineering

하버드 건축 대학원 전공 프로그램

꼭 체크해야 할 지원 자격

​

지원 자격: 

4년재 BA 학사 졸업장 

필수요건:  B- 학점 이상의 

Calculus 1 semester or AP calculus with 4 or 5

Physics 1 semester or AP Physics with 4 or 5

History of Archintecture 2 semester

​

Application Requirement: 

Online application + application fee $90

영문 대학 졸업증명서 + 성적 증명서 

SOP (학업 계획서)

Resume

3 Recommendation Letter 

TOEFL(104점 이상) or GRE (optional)

2 Essay

Portfolio

​

비전공자라 건축 포트폴리오는 어떻게 해야 할지 모르겠어요, 건축 포트폴리오는 어떻게 해야 하나요?

​

​

하버드 건축대학원 포트폴리오 요구사항:

M.Arch 1 포트폴리오는 건축, 조경 등의 관련 분야의 이전 교육이 없는 지원자들도 시각예술과 디자인 작품으로 능력을 입증하여 제출 할 수 있습니다. 

Career Discovery/Design Discovery/Design Discovery Virtual 등의 유사한 프로그램에 참여한 사람은 해당 작업을 포함하길 권장합니다. 

​

포트폴리오는 최신 작품으로 구성해야 하며, 가능한 그룹 작품보다 개인의 작품을 넣어야 합니다. 그룹 프로젝트, 오피스 프로젝트 역시 한 개를 넘지 않아야하며 그룹 프로젝트의 경우 자신의 역할을 분명히 명시해야 합니다.

​

✔✔ 핵심체크:

MArch 1에 지원하는 학생들은 건축 전문 학사를 취득하지 않은 학생들이나, 비전공자들이 지원하는 과정이기 때문에 포트폴리오에 대한 가이드라인이 융통적입니다.

​

공간이나 건축에 대한 프로젝트면 좋겠지만, 그 외에도 비주얼아트나 디자인 프로젝트를 포트폴리오에 포함해도 좋습니다. 핸드스케치, 페인팅, 조각, 사진 등이 포함 될 수도 있습니다. 

​

어떤 프로젝트를 포함하던 입시원서 전체 주제에 부합하는 스토리를 이야기하는 것이 좋습니다.  한 가지 학교에서 중요하게 명시한 것은, 대부분의 프로젝트들이 개인적으로 진행한 프로젝트여야 하며, 만약 실무에서 진행한 프로젝트 혹은 그룹 프로젝트라면 자신의 역할을 정확히 표기해야 한다는 부분입니다.

​

또한 하버드 건축 포트폴리오는 주제가 한눈에 보이는 명확한 레이아웃이 특징입니다. 정말 많은 학생들이 매년 하버드 건축 대학원에 지원하기 때문에, 타 지원자와 구별되는 자신만의 차별성을 보여주려면, 뚜렷한 방향성이 보이는 포트폴리오를 제작해야 합니다. 따라서, 포트폴리오를 구성할 때 각 프로젝트들의 전체적인 흐름을 생각하는 것이 중요합니다. 

​

만약 각 프로젝트들이 서로 다른 프로그램, 규모, 배경을 가지고 있더라도 개념적으로 통일성이 있고, 그 개념이 입시 원서 주제에 부합한다면 더욱 강렬한 인상을 남길 수 있습니다. 더불어 각 건축 프로젝트의 그래픽 작업을 통일하여 지원자가 추구하는 방향성을 시각적으로 정리하는 것이 좋습니다.

​

자신의 원서 주제와 포트폴리오 전체 주제 및 건축 포트폴리오 제작 구현에 어려움이 있고 이에 대한 전문가의 코멘트를 받고 싶은 학생이라면, 하버드 GSD졸업 튜터의 1:1 피드백을 들을 수있는 마인드스페이스 압구정유학미술학원에 상담신청을 해보세요.

​

출제의도를 파악한, 

똑똑한 에세이 작성법

​

하버드 건축대학원 에세이 요구사항:

MArch I applicants must provide a response to the following question:

In the 1923 manifesto Toward an Architecture, the architect Le Corbusier proclaimed, “A house is a machine for living in. Baths, sun, hot-water, cold-water, warmth at will, conservation of food, hygiene, beauty in the sense of good proportion.” His contemporary Eileen Gray later responded, “A house is not a machine to live in. It is the shell of man, his extension, his release, his spiritual emanation.”  How would you respond to this exchange, given the environmental and social concerns of the present day? Limit your response to 300 words.

​

In addition, please provide responses for any two of the following prompts. Limit each response to 300 words.

(1) Please tell us about a work of architecture or an experience in the built environment that you find engaging and why.

(2) How have your experience and background prepared you for your studies at the GSD?

(3) Please tell us about a time when you had to overcome a challenge or difficulty.

​

✔✔ 핵심체크:

에세이는 크게 두 가지 지문에 대한 답변을 작성해야 합니다. 두 가지 지문을 명확하게 답하는 것은 기본이고, 에세이를 통해 학생의 가치관과 건축과 공간에 대한 자신만의 방향성을 보여주는 것이 중요합니다.

​

에세이는 원서의 전반적인 주제에 부합하는 스토리텔링으로 글의 구조를 구성하는 것이 좋습니다. 포트폴리오에서 주제 잡은 지원자의 건축 철학이, 두 에세이 답변에서도 잘 드러낼 수 있도록 consistent한 theme을 먼저 정한 후, 해해당 theme을 300단어라는 짧은 답변에 간결하지만 설득력 있게 작성하여야 합니다. 누구나 할 수 있는 답변이 아닌, 건축가로서의 방향성과 해당 방향성을 갖추게 된 백그라운드에 대한 story를 잘 전달해야 합니다.

​

먼저 첫 번째 지문은 상반되는 르코르뷔지에와 엘렌그레이의 주장에 대한 의견을 제시해야 합니다. 현시대의 환경 및 사회적 문제를 반영하여 생각하기를 요구합니다. 이것은 두 건축가/이론가에 대한 이해도를 보여주는 것만이 아니라, 요즘 건축 분야에서 자주 거론되는 이슈들에 대한 학생의 의견을 표하는 것도 중요합니다. 학생의 과거와 현재 건축에 대한 이해도와 그에 대한 자신만의 견해를 요구하는 질문입니다. 

​

두 번째 지문에 제시된 세 가지 지문들은 조금씩 다르지만 전반적으로 학생의 건축/공간에 대한 경험과 추구하는 건축의 방향성에 대해 보여주기를 원합니다. 본인이 어떤 사람이자 어떤 건축가 인지에 대해 잘 풀어내는 글을 쓰는 것이 중요합니다.

​

​

오늘은 미국건축대학원 유학을 꿈꾸는 학생이라면 누구나 꿈꾸는, 비전공자도 지원 가능한 하버드 건축 대학원에 대해 알아보았습니다.

​

마인드스페이스 건축유학원은 학생과의 1:1 상담을 통해 학생에게 적합한 최적의 학교 리스트 선정하고 있습니다. 또한 아이비리그 출신 컨설턴트 선생님들께서 모든 Essay를 1:1 첨삭하며, 포트폴리오 역시 하버드, 컬럼비아 건축 대학원 졸업 튜터들의 직강을 통해 학생별 맞춤 전략 뿐 아니라 학교 커뮤니티 및 교수진에 대한 소개 또한 활발히 이뤄지고 있습니다.

​

미국 건축유학 포트폴리오 & 영국건축유학 상담이 필요하면 아래 번호로 상담문의 주세요.","건축
아이비리그
유학 및 컨설팅",professional,
[미국대학원] 미국 컬럼비아 건축대학원 합격후기_건축유학포트폴리오/건축대학원유학/미국대학입시컨설팅/미국건축대학원/압구정유학미술,"안녕하세요,  

미국건축대학원 & 건축대학원포트폴리오 전문 

압구정유학미술 Head Tutor Lily입니다.

​

이 글을 읽어보시는 분들께서는 미국건축대학원 지원 방법과 포트폴리오 제작방법 그리고 학원에서 학생을 어떻게 지도하며, 합격의 결과가 나오기까지 어떤 식으로 수업이 진행되는지 궁금한 부분이 많을 텐데요,

​

 미국 아이비리그 건축 대학원인 컬럼비아 건축대학원에 합격한 학생의 합격후기를 통해 자세한 이야기를 들어보겠습니다.

 <본 합격생 후기는 마인드스페이스 압구정유학미술학원 합격생이 직접 작성한 글로 불법공유를 금지합니다.>

​

​

Previous imageNext image
Columbia GSAPP: 미국건축대학원, 건축유학포트폴리오, 대학원입시컨설팅, 컬럼비아건축

Previous imageNext image
건축포트폴리오 수업사진: 마인드스페이스 미영국 건축대학원유학 전문

​

Q: 합격을 축하합니다! 학교와 전공 소개 부탁드려요.

A: 안녕하세요, 저는 Columbia University GSAPP에 건축전공(M.Arch)으로 합격하여 올해 가을학기로 입학하게 된 학생입니다. 컬럼비아 건축대학원 외에도, 시라큐스 건축대학원, 리즈디 건축대학원, 프렛 건축대학원, SAIC 건축대학원 등을 붙고 장학금 오퍼도 대부분 받았습니다. 저는 한국에서 건축학과(5년제)를 졸업하고, 건축디자인 대학원 졸업 후 미국건축대학원 포트폴리오를 전문적으로 가르치는 곳을 알아보다가 마인드스페이스 유학미술을 찾게 되었습니다.

​

Q: 마인드스페이스 유학미술학원을 등록하게 된 이유는 무엇이었나요?

A: 처음에 유학을 결정하고 유학원과 전공 포트폴리오를 위한 학원을 알아보다가, 우연히 마인드스페이스 블로그를 보게 되었는데, 합격한 학생들의 후기와 각 분야에 전문적인 선생님들이 계시다는 점이 마음에 들었습니다. 건축대학원 포트폴리오 전문학원이 거의 없었는데, 하버드 건축 대학원 출신 사라쌤과 영국 매킨토시 출신 건축사무소 대표 고쌤이 1:1 튜터링을 해주시는 점이 좋았습니다. 이후 상담을 하고 1회 모의수업을 받게 해 주셨는데, 상담하는 동안 포트폴리오 선생님 외 원장님과 컨설팅 선생님의 친절함과 전문성에 신뢰가 생겼고 등록하게 되었습니다.

​

Q: 미국 유학 입시 준비를 할 때 신경 쓴 점들이 무엇이 있었나요?

저는 오래전부터 유학에 대한 마음은 있었지만, 유학을 준비하는 시간은 상대적으로 여유롭지 못했습니다. 1년의 시간을 준비하는데 쓰려고 계획하고 나니, 영어 성적이 생각만큼 잘 나오지 않아서 포트폴리오도 상당히 늦게 시작했습니다. 6개월 남짓 한 시간 동안 영어와 포트폴리오, 그리고 원서에 필요한 서류들을 같이 준비하면서 마음은 조급하고 잘 마칠 수 있을지에 대한 의문이 들었는데, 이때 미국입시컨설팅전문 마인드스페이스와 함께 우선순위를 정하고 시간분배를 했던 것이 결과적으로 많은 도움이 되었습니다. 그리고 체력을 위해서 꾸준히 운동했던 것이 복잡해진 머리를 식히고 끝까지 잘 마칠 수 있는 하나의 원동력이었던 것 같습니다.

​

Q: 현재 대학을 합격하는 데 가장 크게 작용한 요소가 무엇인가요?

이 부분은 제가 확실하게 설명드릴 수 있습니다. 마인드스페이스에서는 준비과정의 처음부터 끝까지 포트폴리오와 이력서, SOP의 통일성을 강조하셨습니다. 혼자 준비하려면 절대 몰랐던 부분이었죠. 포트폴리오의 작품과 에세이에서 말하고자 하는 주제를 하나의 그림으로 보이도록 많은 선생님들이 함께 노력해 주셨는데, 저는 이러한 점이 합격에 크게 작용했다고 생각합니다. 어떻게 작품의 주제를 잡을지, 향후 건축대학원에 가서 어떤 공부를 하고 싶은지 뿐 아니라 졸업 후 진로까지 염두하여 포트폴리오의 주제를 잡았습니다. 에세이와 이력서에서도 주제에 맞게 어떠한 점을 부각해서 보여주어 확실한 인상을 남길지 많은 선생님들이 서포트해 주셨고, 그 결과 정말 차별적인 저만의 주제가 잘 잡혔다고 생각합니다. 미국 대학원에 가서도 수업 때 잡은 주제로 심도 있게 공부할 계획입니다. 

​

Q: 마인드스페이스 미술학원의 전공별 포트폴리오 파트는 어떤 도움이 되었나요?

A: 마인드스페이스에는 건축전공 포트폴리오를 서포트해 주시는 선생님이 두 분 계셨는데, 두 분의 피드백을 동시에 받으면서 포트폴리오를 완성하는 과정에서 포트폴리오의 객관성과 전문성을 함께 기를 수 있어서 좋았습니다. 제가 부족했던 리서치 방법과 이론적인 부분을 잡아주시는 대표님과 이를 시각적으로 높은 수준으로 구현할 수 있도록 티칭해 주시는 하버드 건축쌤의 확실한 역할 분담이 완성도 높은 포트폴리오 구성을 할 수 있었던 비법 같습니다.

​

Q: 마인드스페이스 미술학원의 분야별 전문 컨설팅 서포트는 어떤 도움이 되었나요?

A: 정기적인 컨설팅 미팅과 꼼꼼한 피드백을 통해서 제가 놓치고 있는 부분이나 부족한 부분에 대한 전문적인 의견을 들을 수 있었습니다. 컨설팅 파트에서는 라이팅 전문 컨설팅 원장쌤, 이력서 전문 브라이언쌤이 계시고, 그 외 학교 리스트업 및 학교별 세부사항들을 여러 컨설팅 선생님들이 같이 논의해 주십니다.  특히 SOP작성과 CV작업을 할 때 문장 표현력과 layout에 대한 전문적인 조언을 해 주신 것이 많은 도움이 되었습니다. 대학원 지원뿐 아니라 회사에 지원할 때도 쓸 수 있는 전문 이력서 첨삭을 해주십니다.

​

Q: 마인드스페이스의 다양한 튜터들과의 인터뷰 프렉티스는 어떤 도움이 되었나요?

A: 정기적으로 수업을 진행해 주시는 선생님들 외에 다른 튜터들과의 인터뷰나 발표 연습을 통해서 진행하는 포트폴리오와 원서 작업에 대한 객관성을 바라볼 수 있었습니다. 마인드스페이스에서는 전공별 전문 선생님들 외 정말 다양한 전공의 선생님들과 여러 수업을 진행할 수 있는 것이 특장점인 것 같습니다. 인터뷰 후 해주시는 꼼꼼한 피드백을 통해서 포트폴리오의 방향성이나 완성도를 위한 수정사항에 대해서 생각해 볼 수 있는 시간이 되었는데, 이 부분이 결과물에 좋은 도움이 되었습니다. 원장님께서 모든 수업을 꼼꼼히 기록하시고, 선생님들 또한 진심으로 수업을 진행해주셔서 단순한 입시 지원뿐 아니라 많은 것을 배울 수 있었습니다.

​

Q: 입시를 진행하면서 가장 힘들었던 점은 무엇이었고, 원과 함께 어떻게 극복해 나갔나요?

A: 입시를 위해 포트폴리오와 서류를 준비하는 6개월은 제 생각에 불가능하다고 생각했던 짧은 시간이었고, 그러다 보니 마음은 조급하고 공부와 작업은 손에 잘 잡히지 않아서 힘들었던 시간이 많았습니다. 그때마다 마인드스페이스에서는 선생님들이 작업 스케줄에 대해 함께 고민해 주시고, 제가 스스로 걱정하는 마음이 커질 틈이 없이 체계적이고 전문적인 서포트를 해주셨습니다. 작업이 늦어지려 할 때면, 매일 등원해서 작업을 마칠 수 있도록 원을 개방하는 시간을 늘려주시기도 했습니다. 원장님과 선생님들의 지지와 도움이 없었더라면 입시를 잘 마치지 못했을 것 같아요. 단순히 미술유학원 이상으로 학생 한 명 한 명이 정말 잘 되기를 바라시는 마음들이 계셔서 좋았습니다.

​

Q: 미국 미대 입시를 준비하는 학생들에게  마인드스페이스 유학미술 컨설팅을특별히 추천하는 포인트가 있나요?

A: 마인드스페이스에서는 입시에 필요한 포트폴리오와 다양한 서류작업들을 함께 진행할 수 있는데, 저는 이렇게 프로그램을 진행하는 것이 전반적인 입시과정에  아주 큰 도움이 되었습니다. 이뿐 아니라 각 전공분야의 선생님이 해주시는 서포트는 건축 포트폴리오의 전문성과 퀄리티를 향상시킬 수 있었기 때문에 미국건축대학원을 준비하는 학생들에게 마인드스페이스를 꼭 추천합니다. 저 또한 많은 고민 끝에 짧은 시간을 앞두고 등록하였지만, 상상도 못하였던 아이비리그 대학교-컬럼비아 건축 대학원에 합격하는 쾌거를 이루었고, 학원에 상담하는 것만으로도 '정확히' '어떻게' 준비를 해야 하는지 확실하게 알 수 있을것입니다. 

​

미국 건축 대학원 준비 중이신 학생들에게 도움이 되는 글이길 바라며, 마인드스페이스에서 건축 포트폴리오를 작업하고 있는 여러 후배들에게도 좋은 결과 있길 바랍니다!

미국 건축대학원 유학 상담이 필요하다면, 미국대학입시컨설팅 전문인 마인드스페이스에 상담신청해 보세요.

​

아이비리그 출신 미국대학입시컨설팅 전문 튜터들과 하버드건축 GDS 출신 튜터, GSA 매킨토시 건축 출신 & 현 건축사무소 대표 선생님이 1:1 수업을 진행합니다.

​

공감을 누른 뒤 건축대학원유학에 관한 궁금한 점 2가지를 댓글로 달아주시면, 순차적으로 답변드립니다
","상위 키워드
유학 및 컨설팅
아이비리그",qna,